call_type_a,call_type_b,call_type_c,ORIGIN_CALL,ORIGIN_STAND,MISSING_DATA,lon_1st,lat_1st,delta_lon,delta_lat,lon_last,lat_last
0,1,0,1,1,1,-8.607096,41.150286,-0.07199999999999918,0.007874999999998522,-8.679096,41.158161
0,0,1,1,1,1,-8.638533,41.159133,0.05268600000000134,-0.010376999999998304,-8.585847,41.148756
0,1,0,1,1,1,-8.60652,41.144562,0.01176300000000019,0.014274000000000342,-8.594757,41.158836
0,1,0,1,1,1,-8.628246,41.157333,0.02304900000000032,-0.010665000000003033,-8.605197,41.146668
0,1,0,1,1,1,-8.607123,41.150331,-0.003132000000000801,0.0031139999999965084,-8.610255,41.153445
0,0,1,1,1,1,-8.585613,41.148441,-0.03390300000000046,0.08846100000000234,-8.619516,41.236902
0,0,1,1,1,1,-8.611164,41.147811,0.03654900000000083,-0.005021999999996751,-8.574615,41.142789
0,0,1,1,1,1,-8.661204,41.163219,-0.00803699999999985,0.00027899999999903,-8.669241,41.163498
0,1,0,1,1,1,-8.585649,41.148549,0.01097999999999999,-0.005787000000005094,-8.574669,41.142762
0,0,1,1,1,1,-8.61561,41.14071,-0.03714300000000037,0.03918600000000083,-8.652753,41.179896
1,0,0,1,1,1,-8.625798,41.157387,0.009611999999998844,0.006903000000001214,-8.616186,41.16429
1,0,0,1,1,1,-8.617095,41.171409,-0.013238999999998668,0.012869999999999493,-8.630334,41.184279
0,0,1,1,1,1,-8.669349,41.157639,0.03967200000000126,0.007865999999999929,-8.629677,41.165505
0,0,1,1,1,1,-8.617761,41.169978,-0.008117999999999626,-0.012663000000003422,-8.625879,41.157315
0,0,1,1,1,1,-8.604234,41.149512,0.0413370000000004,0.017837999999997578,-8.562897,41.16735
0,0,1,1,1,1,-8.630172,41.158314,0.009729000000000099,-0.011168999999995322,-8.620443,41.147145
0,1,0,1,1,1,-8.585631,41.148594,-0.047565000000000524,0.010070999999996388,-8.633196,41.158665
0,0,1,1,1,1,-8.614233,41.148441,0.007614000000000232,0.0050670000000039295,-8.606619,41.153508
1,0,0,1,1,1,-8.586693,41.178303,0.021447000000000216,-0.003546000000000049,-8.565246,41.174757
0,1,0,1,1,1,-8.627157,41.166891,-0.03234600000000043,-0.006444000000001893,-8.659503,41.160447
0,0,1,1,1,1,-8.611011,41.145723,-0.05913900000000005,0.09193500000000654,-8.67015,41.237658
0,1,0,1,1,1,-8.584281,41.163156,-0.04703400000000002,-0.00875700000000279,-8.631315,41.154399
0,0,1,1,1,1,-8.569566,41.167629,-0.07834500000000055,-0.015155999999997505,-8.647911,41.152473
0,1,0,1,1,1,-8.6274,41.163336,-0.0022500000000000853,0.027170999999995615,-8.62965,41.190507
0,1,0,1,1,1,-8.614017,41.141169,-0.09160199999999996,0.05069699999999955,-8.705619,41.191866
1,0,0,1,1,1,-8.624187,41.17626,-0.022509000000001222,-0.022076999999995905,-8.646696,41.154183
0,1,0,1,1,1,-8.610624,41.145246,0.0030959999999993215,-0.0007289999999997576,-8.607528,41.144517
0,1,0,1,1,1,-8.62884,41.160978,0.007155000000000911,-0.011375999999998498,-8.621685,41.149602
0,0,1,1,1,1,-8.648775,41.148594,0.06140700000000088,-0.0003330000000048017,-8.587368,41.148261
0,1,0,1,1,1,-8.617725,41.146146,0.028278000000000247,-0.0008729999999985694,-8.589447,41.145273
1,0,0,1,1,1,-8.639127,41.150547,0.03079800000000077,0.0027899999999974057,-8.608329,41.153337
0,1,0,1,1,1,-8.630262,41.157387,-0.012798000000000087,-0.0085770000000025,-8.64306,41.14881
1,0,0,1,1,1,-8.595702,41.162157,-0.1103310000000004,0.02413800000000066,-8.706033,41.186295
0,1,0,1,1,1,-8.611092,41.148999,0.022319999999998785,0.016280999999999324,-8.588772,41.16528
0,0,1,1,1,1,-8.649468,41.154336,0.044514000000001275,-0.010530000000002815,-8.604954,41.143806
0,1,0,1,1,1,-8.619822,41.14827,0.01594799999999985,0.03465000000000629,-8.603874,41.18292
1,0,0,1,1,1,-8.600742,41.16042,0.015119999999999578,-0.011619000000003155,-8.585622,41.148801
0,1,0,1,1,1,-8.619849,41.148099,-0.009558000000000177,0.010574999999995782,-8.629407,41.158674
1,0,0,1,1,1,-8.614764,41.140962,0.015344999999999942,0.01239299999999588,-8.599419,41.153355
0,1,0,1,1,1,-8.628561,41.157189,0.02041200000000032,-0.0037440000000046325,-8.608149,41.153445
0,0,1,1,1,1,-8.614755,41.140305,0.018197999999999936,0.005193000000005554,-8.596557,41.145498
0,0,1,1,1,1,-8.6139,41.14728,0.02330999999999861,0.015363000000000682,-8.59059,41.162643
0,1,0,1,1,1,-8.626788,41.1669,-0.00930600000000048,-0.026252999999996973,-8.636094,41.140647
0,1,0,1,1,1,-8.606547,41.144598,0.009531000000000844,0.028961999999999932,-8.597016,41.17356
0,1,0,1,1,1,-8.584272,41.163039,-0.052362000000000464,0.025415999999999883,-8.636634,41.188455
0,1,0,1,1,1,-8.613243,41.154399,-0.03608999999999973,0.011808000000002039,-8.649333,41.166207
0,1,0,1,1,1,-8.613315,41.166873,0.008748000000000644,0.013220999999994376,-8.604567,41.180094
0,0,1,1,1,1,-8.60868,41.147271,-0.011565000000000936,0.00035999999999347665,-8.620245,41.147631
0,0,1,1,1,1,-8.581419,41.161275,-0.03334499999999885,-0.0100620000000049,-8.614764,41.151213
0,1,0,1,1,1,-8.585721,41.14881,-0.11235600000000012,0.057303000000004545,-8.698077,41.206113
0,1,0,1,1,1,-8.628696,41.169789,0.08278199999999991,0.004491000000001577,-8.545914,41.17428
1,0,0,1,1,1,-8.607456,41.145444,0.021744000000001762,0.003410999999999831,-8.585712,41.148855
0,1,0,1,1,1,-8.600121,41.182758,-0.010232999999999493,-0.033642000000000394,-8.610354,41.149116
0,0,1,1,1,1,-8.624961,41.163345,-0.0009899999999998244,-0.006174000000001456,-8.625951,41.157171
0,1,0,1,1,1,-8.630793,41.154867,0.012429000000000912,0.009332999999998037,-8.618364,41.1642
1,0,0,1,1,1,-8.585604,41.17644,-0.028043999999999514,-0.03506399999999843,-8.613648,41.141376
1,0,0,1,1,1,-8.583183,41.16474,-0.002340000000000231,0.011753999999996267,-8.585523,41.176494
0,0,1,1,1,1,-8.596404,41.165163,0.0,0.0,-8.596404,41.165163
1,0,0,1,1,1,-8.625519,41.154219,-0.0051480000000001525,0.0007289999999997576,-8.630667,41.154948
1,0,0,1,1,1,-8.660187,41.159439,0.0502830000000003,0.001206000000003371,-8.609904,41.160645
0,1,0,1,1,1,-8.61111,41.14944,-0.03387599999999935,0.03777300000000139,-8.644986,41.187213
0,1,0,1,1,1,-8.649531,41.154228,-0.005130000000001189,0.0015119999999981815,-8.654661,41.15574
0,1,0,1,1,1,-8.609409,41.17725,-0.003842999999999819,-0.02267100000000255,-8.613252,41.154579
1,0,0,1,1,1,-8.660214,41.157261,0.028556999999999277,0.021914999999999907,-8.631657,41.179176
0,1,0,1,1,1,-8.606367,41.144607,-0.017253000000000185,0.03120299999999787,-8.62362,41.17581
0,1,0,1,1,1,-8.649756,41.154336,0.03630599999999973,-0.012878999999998086,-8.61345,41.141457
0,1,0,1,1,1,-8.609463,41.151258,-0.004607999999999279,-0.0012779999999992242,-8.614071,41.14998
0,1,0,1,1,1,-8.656812,41.161455,0.04441500000000076,-0.006335999999997455,-8.612397,41.155119
1,0,0,1,1,1,-8.576955,41.155362,-0.008658000000000499,-0.006569999999996412,-8.585613,41.148792
0,1,0,1,1,1,-8.617563,41.146146,-0.01622699999999888,0.020862000000001046,-8.63379,41.167008
1,0,0,1,1,1,-8.642043,41.160024,0.014426999999999524,-0.0043020000000026926,-8.627616,41.155722
0,1,0,1,1,1,-8.630631,41.154939,-0.03318300000000107,-0.002438999999995417,-8.663814,41.1525
0,1,0,1,1,1,-8.610768,41.145561,0.0006930000000000547,-0.0022769999999994184,-8.610075,41.143284
1,0,0,1,1,1,-8.627625,41.168664,-0.0560969999999994,0.015191999999998984,-8.683722,41.183856
0,1,0,1,1,1,-8.61759,41.146119,-0.0020970000000009037,0.019179000000001167,-8.619687,41.165298
0,0,1,1,1,1,-8.613423,41.146434,-0.05984100000000048,0.027341999999997313,-8.673264,41.173776
0,1,0,1,1,1,-8.649423,41.154219,0.015615000000000379,-0.015758999999995638,-8.633808,41.13846
0,1,0,1,1,1,-8.582463,41.180553,0.0006570000000003517,-0.008028000000003033,-8.581806,41.172525
1,0,0,1,1,1,-8.604432,41.143851,-0.08434800000000031,0.030204000000004783,-8.68878,41.174055
0,0,1,1,1,1,-8.660151,41.159466,0.02058300000000024,0.02978999999999843,-8.639568,41.189256
1,0,0,1,1,1,-8.608239,41.169789,0.007937999999999334,-0.005048999999999637,-8.600301,41.16474
1,0,0,1,1,1,-8.574732,41.142699,-0.010827000000000808,0.033848999999996465,-8.585559,41.176548
0,1,0,1,1,1,-8.585649,41.148567,-0.17107200000000056,0.22662900000000263,-8.756721,41.375196
0,1,0,1,1,1,-8.612541,41.14593,-0.05767200000000017,0.09152999999999878,-8.670213,41.23746
0,0,1,1,1,1,-8.614296,41.147352,0.06738299999999953,0.02274300000000551,-8.546913,41.170095
0,1,0,1,1,1,-8.627058,41.166909,-0.0207720000000009,-0.011879999999997892,-8.64783,41.155029
1,0,0,1,1,1,-8.612802,41.169708,-0.006740999999999886,0.008873999999998716,-8.619543,41.178582
0,0,1,1,1,1,-8.645787,41.164335,0.025650000000000617,-0.03475800000000362,-8.620137,41.129577
0,1,0,1,1,1,-8.609418,41.151213,0.032130000000000436,0.016749000000004344,-8.577288,41.167962
0,1,0,1,1,1,-8.665614,41.170698,0.037511999999999546,-0.018261000000002525,-8.628102,41.152437
1,0,0,1,1,1,-8.639361,41.167539,0.021509999999999252,0.007011000000005652,-8.617851,41.17455
0,1,0,1,1,1,-8.689347,41.168097,0.0463679999999993,-0.010800000000003251,-8.642979,41.157297
1,0,0,1,1,1,-8.646003,41.151375,0.034722000000000364,-0.005057999999998231,-8.611281,41.146317
0,1,0,1,1,1,-8.628795,41.161041,0.02353500000000075,-0.016811999999994498,-8.60526,41.144229
0,1,0,1,1,1,-8.64936,41.167224,-0.01440900000000056,-0.011447999999994352,-8.663769,41.155776
0,1,0,1,1,1,-8.612631,41.146011,-0.006587999999998928,0.025452000000001362,-8.619219,41.171463
0,1,0,1,1,1,-8.619921,41.147973,-0.0057600000000004314,-0.02158200000000221,-8.625681,41.126391
0,1,0,1,1,1,-8.580087,41.159403,-0.01421099999999953,-0.003122999999995102,-8.594298,41.15628
0,1,0,1,1,1,-8.610876,41.145543,-0.04180500000000009,0.03393899999999661,-8.652681,41.179482
0,1,0,1,1,1,-8.599203,41.149143,0.014129999999999754,0.025415999999999883,-8.585073,41.174559
0,1,0,1,1,1,-8.611119,41.149395,-0.018305999999999045,0.029780999999999835,-8.629425,41.179176
0,1,0,1,1,1,-8.604153,41.161068,0.015309000000000239,0.004455000000000098,-8.588844,41.165523
0,1,0,1,1,1,-8.610957,41.145849,0.025479000000000696,0.0028440000000031773,-8.585478,41.148693
0,1,0,1,1,1,-8.607123,41.150322,-0.013094999999999857,-0.0033570000000011646,-8.620218,41.146965
1,0,0,1,1,1,-8.574687,41.142762,-0.03177899999999845,0.00717300000000165,-8.606466,41.149935
1,0,0,1,1,1,-8.639172,41.166216,0.015624000000000748,-0.013922999999998353,-8.623548,41.152293
0,0,1,1,1,1,-8.641044,41.164569,0.01305000000000156,-0.006993000000001359,-8.627994,41.157576
0,1,0,1,1,1,-8.615556,41.140737,-0.054368999999999446,0.09593100000000021,-8.669925,41.236668
1,0,0,1,1,1,-8.638587,41.159016,0.02440799999999932,-0.012726000000000681,-8.614179,41.14629
0,1,0,1,1,1,-8.585685,41.14863,-0.05052599999999963,0.010449000000001263,-8.636211,41.159079
0,0,1,1,1,1,-8.627004,41.166963,-0.01255500000000076,-0.03884400000000454,-8.639559,41.128119
0,1,0,1,1,1,-8.582751,41.180382,0.025335000000000107,0.004266000000001213,-8.557416,41.184648
0,1,0,1,1,1,-8.610957,41.145678,-0.01961099999999938,0.006795000000003881,-8.630568,41.152473
0,1,0,1,1,1,-8.620983,41.161329,0.0,0.0,-8.620983,41.161329
1,0,0,1,1,1,-8.625879,41.157324,0.015146999999998911,-0.011250000000003979,-8.610732,41.146074
0,0,1,1,1,1,-8.606889,41.151096,0.018063000000001495,0.01397699999999702,-8.588826,41.165073
1,0,0,1,1,1,-8.671149,41.153661,-0.01067399999999985,0.005912999999999613,-8.681823,41.159574
0,1,0,1,1,1,-8.585766,41.148657,-0.059174999999999756,0.013815000000001021,-8.644941,41.162472
0,1,0,1,1,1,-8.585802,41.149008,-0.01814400000000127,-0.001971000000004608,-8.603946,41.147037
0,0,1,1,1,1,-8.604027,41.161194,-0.038231999999998934,0.003968999999997891,-8.642259,41.165163
1,0,0,1,1,1,-8.681643,41.156964,0.03185099999999963,-0.002529000000002668,-8.649792,41.154435
1,0,0,1,1,1,-8.667414,41.161653,-0.004400999999999655,-0.012078000000002476,-8.671815,41.149575
0,1,0,1,1,1,-8.585649,41.148549,-0.003762000000000043,0.01468799999999959,-8.589411,41.163237
0,1,0,1,1,1,-8.665542,41.170725,0.028836000000000084,-0.011744999999997674,-8.636706,41.15898
0,1,0,1,1,1,-8.649486,41.167368,0.04945500000000003,-0.018693000000006066,-8.600031,41.148675
0,0,1,1,1,1,-8.612505,41.140476,0.05211900000000114,0.014066999999997165,-8.560386,41.154543
0,0,1,1,1,1,-8.61588,41.147307,0.015930000000000888,0.005058000000005336,-8.59995,41.152365
0,0,1,1,1,1,-8.637552,41.173362,0.02135700000000007,-0.017576999999995735,-8.616195,41.155785
1,0,0,1,1,1,-8.633628,41.173236,-0.02766599999999997,-0.0255600000000058,-8.661294,41.147676
0,1,0,1,1,1,-8.580087,41.15943,0.012987000000000748,0.011924999999997965,-8.5671,41.171355
0,1,0,1,1,1,-8.585667,41.148567,-0.029537999999998732,0.039059999999999206,-8.615205,41.187627
1,0,0,1,1,1,-8.664768,41.163129,0.04453200000000024,-0.033533999999995956,-8.620236,41.129595
0,1,0,1,1,1,-8.609598,41.160492,0.004689000000000831,-0.002078999999994835,-8.604909,41.158413
1,0,0,1,1,1,-8.682255,41.159043,0.0171449999999993,-0.006785999999998182,-8.66511,41.152257
0,0,1,1,1,1,-8.596755,41.127606,-0.07360199999999928,0.11049299999999818,-8.670357,41.238099
0,1,0,1,1,1,-8.609283,41.147721,0.009224999999998929,-0.0033929999999955385,-8.600058,41.144328
0,1,0,1,1,1,-8.609643,41.151294,-0.014732999999999663,0.02822400000000158,-8.624376,41.179518
0,1,0,1,1,1,-8.58564,41.14854,-0.0513899999999996,0.00419400000000536,-8.63703,41.152734
1,0,0,1,1,1,-8.561664,41.15367,-0.022967999999998767,0.0069480000000012865,-8.584632,41.160618
0,1,0,1,1,1,-8.606961,41.144814,0.0023850000000003035,0.013914000000006865,-8.604576,41.158728
1,0,0,1,1,1,-8.607816,41.146263,-0.062414999999999665,0.09119700000000108,-8.670231,41.23746
0,1,0,1,1,1,-8.628336,41.15736,-0.02385900000000163,0.011916000000006477,-8.652195,41.169276
0,1,0,1,1,1,-8.627166,41.151987,-0.03306599999999982,0.018000000000000682,-8.660232,41.169987
0,1,0,1,1,1,-8.585649,41.14854,-0.014364000000000487,0.011025000000003615,-8.600013,41.159565
0,0,1,1,1,1,-8.66925,41.236632,-6.30000000008124e-05,0.0005400000000008731,-8.669313,41.237172
0,1,0,1,1,1,-8.615547,41.140683,-0.02117699999999978,0.018800999999996293,-8.636724,41.159484
0,1,0,1,1,1,-8.610768,41.145714,0.02472299999999983,0.002754000000003032,-8.586045,41.148468
0,0,1,1,1,1,-8.613702,41.146011,0.008234999999999104,0.0006479999999982056,-8.605467,41.146659
0,1,0,1,1,1,-8.627904,41.175477,0.013769999999999172,-0.02959200000000095,-8.614134,41.145885
0,1,0,1,1,1,-8.617617,41.146065,0.012014999999999887,0.0008369999999970901,-8.605602,41.146902
1,0,0,1,1,1,-8.636778,41.152734,0.04092299999999938,0.013868999999999687,-8.595855,41.166603
0,0,1,1,1,1,-8.602524,41.155776,-0.08629199999999848,0.018071999999996535,-8.688816,41.173848
0,1,0,1,1,1,-8.585622,41.148567,-0.03444299999999956,0.0011610000000032983,-8.620065,41.149728
1,0,0,1,1,1,-8.583102,41.164677,-0.013868999999999687,0.01827000000000112,-8.596971,41.182947
0,0,1,1,1,1,-8.577513,41.160807,0.0,0.0,-8.577513,41.160807
0,1,0,1,1,1,-8.615592,41.140683,0.006542999999998855,0.0021509999999977936,-8.609049,41.142834
0,1,0,1,1,1,-8.582508,41.180436,-0.02997899999999909,-0.03216600000000369,-8.612487,41.14827
0,0,1,1,1,1,-8.569773,41.159025,0.0042840000000001766,0.01592099999999874,-8.565489,41.174946
0,1,0,1,1,1,-8.612352,41.146074,-0.05508000000000024,0.02344500000000238,-8.667432,41.169519
1,0,0,1,1,1,-8.611146,41.162571,0.0022500000000000853,0.013986000000002718,-8.608896,41.176557
1,0,0,1,1,1,-8.67924,41.155614,0.009090000000000487,0.08152199999999965,-8.67015,41.237136
0,1,0,1,1,1,-8.674056,41.153967,0.0,0.0,-8.674056,41.153967
0,1,0,1,1,1,-8.649603,41.167332,-0.05996699999999855,0.053945999999996275,-8.70957,41.221278
0,0,1,1,1,1,-8.571186,41.179527,-0.08002799999999866,0.00220499999999646,-8.651214,41.181732
0,1,0,1,1,1,-8.606565,41.144742,-0.05895899999999976,0.01851299999999867,-8.665524,41.163255
1,0,0,1,1,1,-8.624313,41.179482,0.013068000000000524,-0.03323699999999974,-8.611245,41.146245
1,0,0,1,1,1,-8.678448,41.155479,0.02585700000000024,0.016478999999996802,-8.652591,41.171958
0,0,1,1,1,1,-8.666685,41.157171,-0.007641000000001341,0.023247000000004903,-8.674326,41.180418
0,0,1,1,1,1,-8.664705,41.150313,-0.005228999999999928,0.08613900000000285,-8.669934,41.236452
0,1,0,1,1,1,-8.629983,41.154561,-0.02713500000000124,0.031805999999996004,-8.657118,41.186367
0,1,0,1,1,1,-8.628795,41.160996,-0.02568600000000032,-0.005264999999994302,-8.654481,41.155731
0,1,0,1,1,1,-8.628858,41.160996,0.008774999999999977,-0.013931999999996947,-8.620083,41.147064
0,0,1,1,1,1,-8.632314,41.164425,-0.06884100000000082,0.027341999999997313,-8.701155,41.191767
1,0,0,1,1,1,-8.585775,41.174649,-0.056547000000000125,-0.014417999999999154,-8.642322,41.160231
1,0,0,1,1,1,-8.647182,41.157018,-0.025595999999998398,-0.008811000000001457,-8.672778,41.148207
1,0,0,1,1,1,-8.653851,41.156883,0.004058999999999813,0.01823399999999964,-8.649792,41.175117
0,1,0,1,1,1,-8.585631,41.148576,-0.025299000000000404,0.0019800000000032014,-8.61093,41.150556
0,1,0,1,1,1,-8.612586,41.14584,0.009783000000000541,0.00913500000000056,-8.602803,41.154975
1,0,0,1,1,1,-8.600319,41.182614,-0.030203999999999454,-0.058661999999998216,-8.630523,41.123952
1,0,0,1,1,1,-8.570484,41.15862,-0.0022050000000000125,0.007263000000001796,-8.572689,41.165883
0,1,0,1,1,1,-8.613252,41.154399,0.03225599999999851,0.016074000000003252,-8.580996,41.170473
0,1,0,1,1,1,-8.627229,41.151951,-0.04278599999999955,0.08471700000000482,-8.670015,41.236668
0,1,0,1,1,1,-8.589222,41.16969,-0.036450000000000315,-0.018143999999999494,-8.625672,41.151546
0,1,0,1,1,1,-8.610831,41.145561,-0.007956000000000074,-0.008622000000002572,-8.618787,41.136939
0,1,0,1,1,1,-8.615493,41.140692,0.05310000000000059,0.004166999999995369,-8.562393,41.144859
1,0,0,1,1,1,-8.608815,41.153589,0.0034829999999992367,-0.00039599999999495594,-8.605332,41.153193
0,0,1,1,1,1,-8.583021,41.180481,-0.003114000000000061,-0.030662999999996998,-8.586135,41.149818
0,0,1,1,1,1,-8.609796,41.154246,0.009260999999998631,-0.009557999999998401,-8.600535,41.144688
0,0,1,1,1,1,-8.625411,41.162112,0.02285099999999929,-0.012914999999999566,-8.60256,41.149197
1,0,0,1,1,1,-8.617176,41.159772,0.007506000000001123,-0.011150999999998135,-8.60967,41.148621
1,0,0,1,1,1,-8.627841,41.152293,-0.003401999999999461,0.008091000000000292,-8.631243,41.160384
0,0,1,1,1,1,-8.606889,41.146848,0.0018180000000000973,-0.021626999999995178,-8.605071,41.125221
0,0,1,1,1,1,-8.60724,41.12604,-0.030285000000001006,-0.018189000000006672,-8.637525,41.107851
1,0,0,1,1,1,-8.535654,41.181318,-0.050976000000000354,-0.011258999999995467,-8.58663,41.170059
0,1,0,1,1,1,-8.6499,41.15448,0.06430500000000094,-0.005679000000000656,-8.585595,41.148801
0,1,0,1,1,1,-8.614089,41.141322,0.04691700000000054,-0.008406000000000802,-8.567172,41.132916
0,1,0,1,1,1,-8.630244,41.154516,-0.013563000000001324,0.0061199999999956844,-8.643807,41.160636
0,1,0,1,1,1,-8.632422,41.164407,0.0268739999999994,-0.03427199999999431,-8.605548,41.130135
0,1,0,1,1,1,-8.649648,41.167296,-0.011871000000001075,-0.009512999999998328,-8.661519,41.157783
0,0,1,1,1,1,-8.658603,41.155029,0.00028799999999939985,8.100000000155205e-05,-8.658315,41.15511
0,0,1,1,1,1,-8.63073,41.154912,0.018945000000000434,-0.008847000000002936,-8.611785,41.146065
0,1,0,1,1,1,-8.608716,41.147793,-0.013878000000000057,0.016533000000002573,-8.622594,41.164326
1,0,0,1,1,1,-8.593875,41.157675,-0.026342999999998895,-0.010034999999994909,-8.620218,41.14764
0,1,0,1,1,1,-8.606385,41.144634,-0.009234000000001075,0.0,-8.615619,41.144634
0,0,1,1,1,1,-8.608275,41.142708,-0.0001619999999995514,-0.0003869999999963625,-8.608437,41.142321
1,0,0,1,1,1,-8.606538,41.147892,-0.04217399999999927,-0.006164999999995757,-8.648712,41.141727
0,1,0,1,1,1,-8.591319,41.16267,0.0035640000000007888,0.010593000000000075,-8.587755,41.173263
0,0,1,1,1,1,-8.61552,41.140692,0.002700000000000813,0.007443000000002087,-8.61282,41.148135
0,1,0,1,1,1,-8.602884,41.179653,0.037808999999999315,0.008306999999994957,-8.565075,41.18796
0,1,0,1,1,1,-8.630082,41.157531,0.04003200000000007,0.0192960000000042,-8.59005,41.176827
0,0,1,1,1,1,-8.648973,41.154723,0.0011790000000004852,-0.004337999999997066,-8.647794,41.150385
1,0,0,1,1,1,-8.579952,41.155524,-0.022005000000000052,0.001781999999998618,-8.601957,41.157306
0,1,0,1,1,1,-8.612415,41.146029,0.009396000000000626,0.03778199999999998,-8.603019,41.183811
0,1,0,1,1,1,-8.582499,41.180328,0.016533000000000797,-0.00714600000000587,-8.565966,41.173182
1,0,0,1,1,1,-8.613837,41.141034,0.006714000000000553,-0.016721999999994352,-8.607123,41.124312
0,1,0,1,1,1,-8.639874,41.159808,0.025191000000001296,-0.018845999999996366,-8.614683,41.140962
0,0,1,1,1,1,-8.609895,41.153697,0.01116000000000028,0.011592000000000269,-8.598735,41.165289
0,0,1,1,1,1,-8.612784,41.148234,-0.004967999999999861,-0.0016110000000040259,-8.617752,41.146623
0,1,0,1,1,1,-8.606079,41.144499,-0.06861600000000045,0.12327299999999752,-8.674695,41.267772
0,1,0,1,1,1,-8.585622,41.148549,-0.05815799999999882,0.006038999999994132,-8.64378,41.154588
1,0,0,1,1,1,-8.620209,41.14692,0.05817599999999956,-0.00531000000000148,-8.562033,41.14161
0,1,0,1,1,1,-8.599239,41.14917,-0.01869299999999896,-0.002078999999994835,-8.617932,41.147091
1,0,0,1,1,1,-8.670753,41.15745,0.05572800000000022,-0.011727000000000487,-8.615025,41.145723
0,1,0,1,1,1,-8.609265,41.15115,0.02336400000000083,0.011600999999998862,-8.585901,41.162751
1,0,0,1,1,1,-8.62659,41.178519,0.01177200000000056,-0.032733000000000345,-8.614818,41.145786
0,1,0,1,1,1,-8.628858,41.161005,-0.04878900000000108,0.019043999999993844,-8.677647,41.180049
0,0,1,1,1,1,-8.610903,41.145678,-0.016047000000000367,0.023895000000003108,-8.62695,41.169573
0,0,1,1,1,1,-8.613189,41.173056,-0.04193099999999994,0.005210999999995636,-8.65512,41.178267
0,1,0,1,1,1,-8.585631,41.148441,-0.007101000000000468,-0.0009809999999959018,-8.592732,41.14746
0,0,1,1,1,1,-8.607924,41.160087,0.032246999999999915,0.027143999999999835,-8.575677,41.187231
0,1,0,1,1,1,-8.612514,41.145966,-0.017028000000001597,0.019494000000001677,-8.629542,41.16546
0,1,0,1,1,1,-8.674092,41.153859,0.028755000000000308,0.01771200000000306,-8.645337,41.171571
0,0,1,1,1,1,-8.609814,41.151006,-0.010142999999999347,0.01938599999999724,-8.619957,41.170392
0,0,1,1,1,1,-8.613045,41.140395,0.002727000000000146,0.013581000000002064,-8.610318,41.153976
0,1,0,1,1,1,-8.585658,41.148513,-0.09649800000000042,0.012383999999997286,-8.682156,41.160897
0,0,1,1,1,1,-8.654931,41.168439,0.7031069999999993,0.31364100000000406,-7.951824,41.48208
0,0,1,1,1,1,-8.589303,41.169708,0.005058000000000007,-0.006560999999997819,-8.584245,41.163147
0,0,1,1,1,1,-8.638578,41.159304,0.03179700000000096,0.008910000000000196,-8.606781,41.168214
1,0,0,1,1,1,-8.670465,41.151429,0.03142800000000001,0.011259000000002573,-8.639037,41.162688
0,1,0,1,1,1,-8.619741,41.147946,-0.005570999999999771,0.009423000000005288,-8.625312,41.157369
0,0,1,1,1,1,-8.660871,41.154678,0.0,-9.000000000014552e-05,-8.660871,41.154588
0,0,1,1,1,1,-8.626671,41.152167,0.0007739999999998304,0.00020700000000317686,-8.625897,41.152374
0,1,0,1,1,1,-8.582607,41.180463,0.011402999999999608,-0.04049100000000294,-8.571204,41.139972
0,0,1,1,1,1,-8.649846,41.162112,0.04536000000000051,-0.012599999999999056,-8.604486,41.149512
1,0,0,1,1,1,-8.652078,41.157324,0.04316399999999909,-0.01413000000000153,-8.608914,41.143194
0,1,0,1,1,1,-8.648667,41.178555,0.03228299999999962,0.014319000000000415,-8.616384,41.192874
0,1,0,1,1,1,-8.585604,41.148531,0.015093000000000245,0.008414999999999395,-8.570511,41.156946
0,0,1,1,1,1,-8.655768,41.170995,0.0,6.300000000436512e-05,-8.655768,41.171058
0,1,0,1,1,1,-8.628705,41.169798,-0.007236000000000686,-0.00723599999999891,-8.635941,41.162562
0,0,1,1,1,1,-8.60697,41.145741,-0.06107399999999963,0.09105300000000227,-8.668044,41.236794
0,0,1,1,1,1,-8.612748,41.140449,0.0011519999999993757,0.005643000000006282,-8.611596,41.146092
0,1,0,1,1,1,-8.591382,41.162796,-0.09472500000000039,0.010871999999999105,-8.686107,41.173668
0,1,0,1,1,1,-8.64945,41.167251,0.011321999999999832,0.011664000000003227,-8.638128,41.178915
0,0,1,1,1,1,-8.637579,41.151978,0.027630000000000265,0.0011700000000018917,-8.609949,41.153148
0,0,1,1,1,1,-8.617653,41.146047,-0.012563999999999353,0.012419999999998765,-8.630217,41.158467
0,0,1,1,1,1,-8.664606,41.162985,0.028835999999998307,-0.0035549999999986426,-8.63577,41.15943
0,1,0,1,1,1,-8.628417,41.157567,-0.01854900000000015,0.006039000000001238,-8.646966,41.163606
0,1,0,1,1,1,-8.600139,41.182695,0.01655099999999976,-0.0015300000000024738,-8.583588,41.181165
0,0,1,1,1,1,-8.619822,41.148,0.055727999999998445,-0.015597000000006744,-8.564094,41.132403
0,1,0,1,1,1,-8.615529,41.140728,-0.012969000000000008,0.014426999999997747,-8.628498,41.155155
0,0,1,1,1,1,-8.598861,41.165559,-0.014264999999999972,0.001520999999996775,-8.613126,41.16708
0,1,0,1,1,1,-8.6094,41.177394,-0.019088999999999245,-0.006354000000001747,-8.628489,41.17104
0,1,0,1,1,1,-8.61093,41.145651,-0.01980000000000004,0.009180000000000632,-8.63073,41.154831
0,0,1,1,1,1,-8.610813,41.151411,0.0001619999999995514,0.00010799999999733245,-8.610651,41.151519
0,0,1,1,1,1,-8.621532,41.147514,0.0,0.0,-8.621532,41.147514
0,0,1,1,1,1,-8.612667,41.148243,-0.017882999999999427,-0.0018000000000029104,-8.63055,41.146443
0,1,0,1,1,1,-8.627139,41.166972,-0.08233200000000096,0.03011399999999753,-8.709471,41.197086
0,1,0,1,1,1,-8.628786,41.161059,0.030338999999999672,0.018620999999996002,-8.598447,41.17968
0,1,0,1,1,1,-8.600067,41.182695,-0.024075000000001623,-0.0011520000000047048,-8.624142,41.181543
0,1,0,1,1,1,-8.615538,41.140665,-0.03446999999999889,0.013203000000004295,-8.650008,41.153868
0,0,1,1,1,1,-8.585919,41.148558,-0.05561099999999897,0.0078029999999955635,-8.64153,41.156361
0,1,0,1,1,1,-8.58564,41.148621,-0.0015390000000010673,0.08319600000000094,-8.587179,41.231817
1,0,0,1,1,1,-8.646408,41.161689,8.999999999836916e-05,-0.00015300000000451064,-8.646318,41.161536
0,1,0,1,1,1,-8.628201,41.157504,-0.0712079999999986,0.04058099999999598,-8.699409,41.198085
0,0,1,1,1,1,-8.609517,41.147676,-0.031013999999998987,0.055341000000005636,-8.640531,41.203017
0,0,1,1,1,1,-8.617122,41.136903,-0.0028889999999996974,-0.007352999999994836,-8.620011,41.12955
0,1,0,1,1,1,-8.589258,41.169672,-0.031779000000000224,-0.00854100000000102,-8.621037,41.161131
0,1,0,1,1,1,-8.610894,41.145669,-0.015093000000000245,0.01167300000000182,-8.625987,41.157342
0,1,0,1,1,1,-8.61975,41.148027,0.030797999999998993,0.023057999999998913,-8.588952,41.171085
0,0,1,1,1,1,-8.61228,41.148009,0.001538999999999291,0.12012299999999954,-8.610741,41.268132
0,0,1,1,1,1,-8.598609,41.189103,-0.049482000000001136,-0.02463300000000146,-8.648091,41.16447
0,1,0,1,1,1,-8.61759,41.146101,-0.010179000000000826,0.02912399999999593,-8.627769,41.175225
0,0,1,1,1,1,-8.600058,41.182677,0.015228000000000463,-0.004950000000000898,-8.58483,41.177727
0,0,1,1,1,1,-8.61012,41.155956,-0.04220100000000038,0.0219239999999985,-8.652321,41.17788
0,1,0,1,1,1,-8.613981,41.141241,0.01008900000000068,0.005885999999996727,-8.603892,41.147127
1,0,0,1,1,1,-8.688735,41.173821,0.04130999999999929,0.0019530000000003156,-8.647425,41.175774
1,0,0,1,1,1,-8.639523,41.172318,-0.030581999999999,0.06475500000000523,-8.670105,41.237073
1,0,0,1,1,1,-8.605485,41.153022,-0.04685399999999973,-0.025596000000000174,-8.652339,41.127426
0,0,1,1,1,1,-8.569008,41.182902,-0.014355000000000118,-0.0023039999999951988,-8.583363,41.180598
0,1,0,1,1,1,-8.610849,41.145615,0.012743999999999645,-0.008487000000002354,-8.598105,41.137128
0,1,0,1,1,1,-8.60013,41.182713,-0.020609999999999573,-0.03361499999999751,-8.62074,41.149098
0,0,1,1,1,1,-8.615853,41.147541,0.003860999999998782,0.01117800000000102,-8.611992,41.158719
0,0,1,1,1,1,-8.627985,41.157594,-0.06334199999999868,0.022490999999995154,-8.691327,41.180085
0,0,1,1,1,1,-8.644716,41.154471,0.03302100000000152,-0.011088000000000875,-8.611695,41.143383
0,1,0,1,1,1,-8.613306,41.154489,0.034685999999998884,0.0030509999999992488,-8.57862,41.15754
0,1,0,1,1,1,-8.619723,41.147919,0.012474000000000984,-0.000846000000002789,-8.607249,41.147073
0,1,0,1,1,1,-8.599284,41.149197,0.0010350000000016735,0.0229140000000001,-8.598249,41.172111
0,0,1,1,1,1,-8.611101,41.149485,0.005228999999999928,0.02443500000000398,-8.605872,41.17392
0,0,1,1,1,1,-8.609571,41.146578,0.0,0.0,-8.609571,41.146578
1,0,0,1,1,1,-8.620875,41.167548,0.00988199999999928,-0.016901999999994644,-8.610993,41.150646
0,0,1,1,1,1,-8.625825,41.150187,0.00013500000000021828,-0.0004950000000008004,-8.62569,41.149692
0,0,1,1,1,1,-8.66151,41.163399,-0.0010890000000003397,0.00014399999999881175,-8.662599,41.163543
0,1,0,1,1,1,-8.582436,41.180688,-0.028755000000000308,-0.034470000000005996,-8.611191,41.146218
1,0,0,1,1,1,-8.608797,41.15358,-0.023139000000000465,0.0323190000000011,-8.631936,41.185899
1,0,0,1,1,1,-8.622333,41.145723,-0.041544000000000025,0.016074000000003252,-8.663877,41.161797
0,1,0,1,1,1,-8.604243,41.160987,-0.018278999999999712,0.0031590000000036866,-8.622522,41.164146
1,0,0,1,1,1,-8.619948,41.146749,0.09099900000000005,-0.004733999999999128,-8.528949,41.142015
0,1,0,1,1,1,-8.617617,41.146146,-0.009774000000000171,0.00962099999999566,-8.627391,41.155767
0,0,1,1,1,1,-8.64054,41.164731,0.0314009999999989,0.01080899999999474,-8.609139,41.17554
0,0,1,1,1,1,-8.600067,41.182704,-0.02030400000000121,-0.035505000000000564,-8.620371,41.147199
0,0,1,1,1,1,-8.585613,41.148522,-0.025712999999999653,0.012095999999999663,-8.611326,41.160618
0,1,0,1,1,1,-8.603379,41.151069,0.001044000000000267,-8.999999998593466e-06,-8.602335,41.15106
0,1,0,1,1,1,-8.600103,41.182704,0.00011700000000125499,4.500000000007276e-05,-8.599986,41.182749
1,0,0,1,1,1,-8.574723,41.14269,-0.03502799999999873,-0.0018269999999986908,-8.609751,41.140863
0,1,0,1,1,1,-8.639829,41.159817,0.01845000000000141,-0.007964999999998668,-8.621379,41.151852
0,1,0,1,1,1,-8.604612,41.161455,-0.0006390000000013885,-8.099999999444663e-05,-8.605251,41.161374
0,1,0,1,1,1,-8.610678,41.145183,-0.012140999999999735,0.0015389999999939619,-8.622819,41.146722
0,1,0,1,1,1,-8.611137,41.149503,0.014084999999999681,0.0028079999999945926,-8.597052,41.152311
0,0,1,1,1,1,-8.6148,41.146668,-0.0056699999999985096,0.018045000000000755,-8.62047,41.164713
0,1,0,1,1,1,-8.611119,41.149422,-0.010259999999998826,0.02776500000000226,-8.621379,41.177187
0,0,1,1,1,1,-8.629542,41.179356,-0.0004859999999986542,-0.020483999999996172,-8.630028,41.158872
0,0,1,1,1,1,-8.63028,41.157765,0.08277300000000132,0.006776999999999589,-8.547507,41.164542
1,0,0,1,1,1,-8.657937,41.154732,0.04198500000000038,-0.014220000000001676,-8.615952,41.140512
0,0,1,1,1,1,-8.652627,41.169348,-0.043973999999998625,0.026901000000002284,-8.696601,41.196249
0,0,1,1,1,1,-8.641413,41.16654,0.029925000000000423,-0.00537299999999874,-8.611488,41.161167
0,0,1,1,1,1,-8.61012,41.146263,0.03067200000000092,0.010017000000004828,-8.579448,41.15628
0,1,0,1,1,1,-8.615502,41.140836,0.013014000000000081,0.011096999999999468,-8.602488,41.151933
0,1,0,1,1,1,-8.609517,41.151258,0.020061000000000107,0.01202400000000381,-8.589456,41.163282
0,1,0,1,1,1,-8.611803,41.172372,0.0006210000000006488,-0.024273000000000877,-8.611182,41.148099
0,1,0,1,1,1,-8.649369,41.154282,0.01961099999999938,0.0017909999999972115,-8.629758,41.156073
0,1,0,1,1,1,-8.613234,41.16681,0.015228000000000463,-0.0008369999999970901,-8.598006,41.165973
0,1,0,1,1,1,-8.627769,41.175369,-0.026495999999999853,0.005507999999998958,-8.654265,41.180877
1,0,0,1,1,1,-8.582859,41.18112,-0.0069480000000012865,-0.07924500000000023,-8.589807,41.101875
0,1,0,1,1,1,-8.612685,41.145957,0.020844000000000307,0.017001000000000488,-8.591841,41.162958
0,0,1,1,1,1,-8.613612,41.147649,0.01497599999999899,0.0012600000000020373,-8.598636,41.148909
0,1,0,1,1,1,-8.621028,41.160933,0.003096000000001098,-0.013617000000003543,-8.617932,41.147316
0,1,0,1,1,1,-8.591382,41.162733,0.00696600000000025,0.0003419999999962897,-8.584416,41.163075
0,0,1,1,1,1,-8.602011,41.179653,-0.03437100000000015,0.00969299999999862,-8.636382,41.189346
0,0,1,1,1,1,-8.615934,41.147964,0.023849999999999483,0.02561399999999736,-8.592084,41.173578
0,1,0,1,1,1,-8.628858,41.161023,0.025271999999999295,0.022680000000001144,-8.603586,41.183703
0,1,0,1,1,1,-8.591301,41.162742,-0.026046000000000902,-0.01767600000000158,-8.617347,41.145066
1,0,0,1,1,1,-8.626329,41.156685,-0.004274999999999807,-0.0019800000000032014,-8.630604,41.154705
1,0,0,1,1,1,-8.643528,41.178663,0.020016000000000034,-0.02024099999999862,-8.623512,41.158422
0,1,0,1,1,1,-8.630451,41.154903,-0.028844999999998677,0.011970000000005143,-8.659296,41.166873
0,0,1,1,1,1,-8.619696,41.191884,0.03590099999999907,-0.028629000000002236,-8.583795,41.163255
0,1,0,1,1,1,-8.649594,41.167278,0.02773800000000115,0.0021959999999978663,-8.621856,41.169474
0,1,0,1,1,1,-8.614053,41.141088,-0.004580999999999946,0.019898999999995226,-8.618634,41.160987
0,1,0,1,1,1,-8.615529,41.140674,-0.03771899999999917,0.012869999999999493,-8.653248,41.153544
0,1,0,1,1,1,-8.606547,41.14458,-0.0027719999999984424,0.010305000000002451,-8.609319,41.154885
0,1,0,1,1,1,-8.610624,41.145192,0.0,0.0,-8.610624,41.145192
0,1,0,1,1,1,-8.604216,41.161932,0.058814999999999173,0.049562999999999136,-8.545401,41.211495
0,1,0,1,1,1,-8.599392,41.149242,-0.06536700000000017,-0.02811600000000425,-8.664759,41.121126
0,1,0,1,1,1,-8.654688,41.173587,-0.005625000000000213,-0.01808099999999513,-8.660313,41.155506
0,0,1,1,1,1,-8.602479,41.155731,0.010368000000001487,0.00726299999999469,-8.592111,41.162994
1,0,0,1,1,1,-8.632917,41.15934,0.024273000000000877,-0.011690999999999008,-8.608644,41.147649
0,1,0,1,1,1,-8.585622,41.148612,-0.03459599999999874,0.0011519999999975994,-8.620218,41.149764
0,1,0,1,1,1,-8.626842,41.151528,-0.044774999999999565,-0.00111599999999612,-8.671617,41.150412
0,0,1,1,1,1,-8.6688,41.177511,0.061433999999998434,-0.028908000000001266,-8.607366,41.148603
0,1,0,1,1,1,-8.612136,41.172759,-5.400000000044258e-05,-0.004229999999999734,-8.61219,41.168529
0,1,0,1,1,1,-8.674137,41.153841,0.06758100000000056,-0.0026099999999971146,-8.606556,41.151231
0,1,0,1,1,1,-8.649567,41.167287,0.019502999999998494,-0.008748000000004197,-8.630064,41.158539
0,0,1,1,1,1,-8.649621,41.167332,-0.0004950000000008004,-0.0008820000000042683,-8.650116,41.16645
1,0,0,1,1,1,-8.606097,41.162229,0.0009899999999998244,-0.008703000000004124,-8.605107,41.153526
0,1,0,1,1,1,-8.656821,41.161482,0.07453800000000044,-0.0010259999999959746,-8.582283,41.160456
0,0,1,1,1,1,-8.616015,41.137029,0.006642000000001147,0.002808000000001698,-8.609373,41.139837
0,0,1,1,1,1,-8.622117,41.144031,0.01077299999999859,0.0008010000000027162,-8.611344,41.144832
0,1,0,1,1,1,-8.60886,41.147415,-0.00036899999999917554,0.013220999999994376,-8.609229,41.160636
0,1,0,1,1,1,-8.584353,41.163156,-0.01420199999999916,0.016100999999999033,-8.598555,41.179257
0,0,1,1,1,1,-8.635491,41.130099,-0.001538999999999291,0.07691400000000215,-8.63703,41.207013
0,1,0,1,1,1,-8.599248,41.14917,-0.03379500000000135,0.013518000000004804,-8.633043,41.162688
0,0,1,1,1,1,-8.606808,41.150061,0.05129999999999946,0.009225000000000705,-8.555508,41.159286
0,0,1,1,1,1,-8.608482,41.147622,-0.00666000000000011,-0.005597999999999104,-8.615142,41.142024
0,0,1,1,1,1,-8.610192,41.14323,-0.06755400000000122,0.008369999999999322,-8.677746,41.1516
0,1,0,1,1,1,-8.61759,41.146155,0.005193000000000225,0.0374219999999994,-8.612397,41.183577
0,1,0,1,1,1,-8.606484,41.144769,-0.0030330000000002855,0.015597000000006744,-8.609517,41.160366
0,1,0,1,1,1,-8.613243,41.154354,-0.04517099999999985,0.01462500000000233,-8.658414,41.168979
0,0,1,1,1,1,-8.592408,41.181219,-0.07346699999999906,0.013545000000000584,-8.665875,41.194764
0,0,1,1,1,1,-8.612775,41.140386,0.02459699999999998,0.02842199999999906,-8.588178,41.168808
0,0,1,1,1,1,-8.617968,41.147217,-0.003114000000000061,0.013823999999999614,-8.621082,41.161041
0,1,0,1,1,1,-8.585739,41.14872,-0.013536000000000215,0.007650000000005264,-8.599275,41.15637
0,1,0,1,1,1,-8.607015,41.150241,0.01469699999999996,0.0014309999999966294,-8.592318,41.151672
1,0,0,1,1,1,-8.645859,41.164614,0.009710999999999359,-0.00612000000000279,-8.636148,41.158494
0,0,1,1,1,1,-8.607348,41.150394,-0.0263340000000003,0.046016999999999086,-8.633682,41.196411
1,0,0,1,1,1,-8.619336,41.156127,-0.0006659999999989452,-0.009323999999999444,-8.620002,41.146803
0,0,1,1,1,1,-8.632152,41.153544,0.04578300000000013,0.021321000000000367,-8.586369,41.174865
0,0,1,1,1,1,-8.57349,41.146929,-0.03745800000000088,0.0038339999999976726,-8.610948,41.150763
0,1,0,1,1,1,-8.628714,41.169816,0.02941200000000066,-0.014354999999994789,-8.599302,41.155461
0,1,0,1,1,1,-8.585649,41.148621,-0.022968000000000544,0.002349000000002377,-8.608617,41.15097
1,0,0,1,1,1,-8.606349,41.164686,-0.005444999999999922,-0.021852000000002647,-8.611794,41.142834
0,0,1,1,1,1,-8.603892,41.147064,0.018017999999999645,0.0015929999999997335,-8.585874,41.148657
0,1,0,1,1,1,-8.610921,41.145804,-0.02972700000000117,0.015408000000000754,-8.640648,41.161212
1,0,0,1,1,1,-8.67897,41.158323,0.059282999999998864,0.013022999999996898,-8.619687,41.171346
0,1,0,1,1,1,-8.639883,41.159808,0.011384999999998868,-0.0071459999999987645,-8.628498,41.152662
0,0,1,1,1,1,-8.613711,41.145912,-0.03317399999999893,0.021554999999999325,-8.646885,41.167467
0,1,0,1,1,1,-8.585775,41.148441,0.02860199999999935,-0.007272000000000389,-8.557173,41.141169
1,0,0,1,1,1,-8.592975,41.169915,0.036845999999998824,0.012968999999998232,-8.556129,41.182884
0,0,1,1,1,1,-8.609742,41.151258,0.00824400000000125,0.015885000000004368,-8.601498,41.167143
1,0,0,1,1,1,-8.579304,41.16609,-0.040436999999998946,-0.01788299999999765,-8.619741,41.148207
0,1,0,1,1,1,-8.600067,41.182704,0.008450999999999098,-0.019206000000004053,-8.591616,41.163498
0,0,1,1,1,1,-8.614728,41.146614,-0.013761000000000578,0.010142999999999347,-8.628489,41.156757
0,1,0,1,1,1,-8.609643,41.151348,-0.02927700000000044,-0.14263199999999898,-8.63892,41.008716
0,1,0,1,1,1,-8.586144,41.148369,-0.024047999999998737,-0.009648000000005652,-8.610192,41.138721
0,0,1,1,1,1,-8.666622,41.157144,0.05722199999999944,0.02509200000000078,-8.6094,41.182236
0,1,0,1,1,1,-8.610939,41.145669,-0.04866299999999946,0.004373999999998546,-8.659602,41.150043
1,0,0,1,1,1,-8.621163,41.15187,-0.024678000000001532,0.0061199999999956844,-8.645841,41.15799
0,1,0,1,1,1,-8.615529,41.140674,0.006318000000000268,0.006444000000001893,-8.609211,41.147118
0,1,0,1,1,1,-8.627211,41.151915,0.01149300000000153,-0.0007380000000054565,-8.615718,41.151177
0,0,1,1,1,1,-8.543115,41.222385,-0.026540999999999926,-0.060750000000005855,-8.569656,41.161635
1,0,0,1,1,1,-8.614467,41.147118,0.028934999999998823,0.001791000000004317,-8.585532,41.148909
0,1,0,1,1,1,-8.600094,41.18274,-0.070136999999999,0.054818999999994844,-8.670231,41.237559
0,0,1,1,1,1,-8.606421,41.144553,-0.004734000000000904,0.019413000000000125,-8.611155,41.163966
1,0,0,1,1,1,-8.680509,41.15565,0.060768000000001265,-0.013383000000004586,-8.619741,41.142267
1,0,0,1,1,1,-8.604135,41.154732,0.0029069999999986607,0.027062999999998283,-8.601228,41.181795
0,0,1,1,1,1,-8.683533,41.159376,0.028908000000001266,0.010539000000001408,-8.654625,41.169915
0,1,0,1,1,1,-8.611164,41.149386,0.0074070000000006075,0.005535000000001844,-8.603757,41.154921
0,1,0,1,1,1,-8.606448,41.144616,-0.01888199999999962,0.01279800000000364,-8.62533,41.157414
0,1,0,1,1,1,-8.62839,41.157306,-0.053919000000000494,0.02484900000000323,-8.682309,41.182155
0,1,0,1,1,1,-8.613972,41.14125,-0.024974999999999525,0.018252000000003932,-8.638947,41.159502
1,0,0,1,1,1,-8.584047,41.176773,-0.04148999999999958,-0.0295019999999937,-8.625537,41.147271
0,1,0,1,1,1,-8.622999,41.150907,0.027774000000000854,-0.0006029999999981328,-8.595225,41.150304
0,1,0,1,1,1,-8.610714,41.14566,-0.014958000000000027,0.00400499999999937,-8.625672,41.149665
0,0,1,1,1,1,-8.59797,41.148558,-0.06562800000000024,0.024408000000001095,-8.663598,41.172966
0,0,1,1,1,1,-8.625681,41.149845,0.012681000000000608,0.0250559999999993,-8.613,41.174901
1,0,0,1,1,1,-8.620992,41.149944,-0.03326400000000085,0.03124800000000505,-8.654256,41.181192
0,0,1,1,1,1,-8.588871,41.180742,-0.01178100000000093,-0.016640999999999906,-8.600652,41.164101
0,0,1,1,1,1,-8.617887,41.151483,-0.02959200000000095,0.008523000000003833,-8.647479,41.160006
0,1,0,1,1,1,-8.610804,41.145516,-0.009377999999999886,0.0019980000000003884,-8.620182,41.147514
1,0,0,1,1,1,-8.619327,41.156595,0.004428000000000765,-0.005040000000001044,-8.614899,41.151555
1,0,0,1,1,1,-8.636418,41.160582,-0.026522999999999186,0.006174000000001456,-8.662941,41.166756
0,1,0,1,1,1,-8.606916,41.150313,-0.0426959999999994,0.016758000000002937,-8.649612,41.167071
0,0,1,1,1,1,-8.613513,41.146515,-0.05861699999999992,0.0024930000000011887,-8.67213,41.149008
0,0,1,1,1,1,-8.656812,41.161455,-0.000926999999999012,-0.00045899999999932106,-8.657739,41.160996
0,0,1,1,1,1,-8.585658,41.148621,-0.004239000000000104,0.001142999999999006,-8.589897,41.149764
1,0,0,1,1,1,-8.62236,41.147244,0.019709999999999894,-0.003249000000003832,-8.60265,41.143995
0,0,1,1,1,1,-8.613027,41.148252,0.006543000000000632,-0.0034830000000027894,-8.606484,41.144769
0,1,0,1,1,1,-8.591121,41.162607,-0.009999000000000535,-0.014526000000003592,-8.60112,41.148081
0,0,1,1,1,1,-8.64351,41.06448,-0.001260000000000261,-0.0015479999999996608,-8.64477,41.062932
0,1,0,1,1,1,-8.656839,41.161455,0.03914999999999935,-0.014480999999996413,-8.617689,41.146974
0,0,1,1,1,1,-8.606448,41.14476,-0.003608999999999085,0.0032850000000053114,-8.610057,41.148045
1,0,0,1,1,1,-8.64063,41.159952,0.02860199999999935,-0.013751999999996656,-8.612028,41.1462
0,0,1,1,1,1,-8.606619,41.150079,-0.04040099999999924,0.019773000000000707,-8.64702,41.169852
0,0,1,1,1,1,-8.602902,41.179644,0.01718100000000078,-0.030888000000004467,-8.585721,41.148756
0,1,0,1,1,1,-8.619849,41.148135,-0.02616300000000038,-0.003906000000000631,-8.646012,41.144229
0,1,0,1,1,1,-8.585775,41.14899,-0.046322999999999226,0.0154980000000009,-8.632098,41.164488
0,1,0,1,1,1,-8.621154,41.16141,0.00046800000000146724,-0.01059299999999297,-8.620686,41.150817
0,1,0,1,1,1,-8.610957,41.145768,-0.0027359999999987394,-0.012446999999994546,-8.613693,41.133321
1,0,0,1,1,1,-8.599437,41.154597,0.0040410000000008495,0.012023999999996704,-8.595396,41.166621
1,0,0,1,1,1,-8.648037,41.161743,0.028520999999999574,-0.013283999999998741,-8.619516,41.148459
1,0,0,1,1,1,-8.588772,41.16537,-0.04161599999999943,-0.006911999999999807,-8.630388,41.158458
0,1,0,1,1,1,-8.60868,41.147874,0.0,0.0,-8.60868,41.147874
1,0,0,1,1,1,-8.578638,41.15277,0.04499099999999956,-0.009602999999998474,-8.533647,41.143167
0,1,0,1,1,1,-8.613225,41.154435,0.02135700000000007,-0.03951899999999853,-8.591868,41.114916
0,1,0,1,1,1,-8.612253,41.172795,0.0015750000000007702,-0.02132999999999896,-8.610678,41.151465
0,1,0,1,1,1,-8.606502,41.14458,-0.001961999999998909,0.017937000000003422,-8.608464,41.162517
0,1,0,1,1,1,-8.663841,41.177124,0.03373200000000054,-0.01857599999999593,-8.630109,41.158548
0,0,1,1,1,1,-8.610057,41.147766,-3.600000000147929e-05,7.200000000295859e-05,-8.610093,41.147838
0,1,0,1,1,1,-8.608635,41.147802,-0.009071999999999747,-0.0006029999999981328,-8.617707,41.147199
0,0,1,1,1,1,-8.610138,41.147739,0.011357999999999535,0.044190000000000396,-8.59878,41.191929
0,1,0,1,1,1,-8.610759,41.14566,-0.02011500000000055,0.0090720000000033,-8.630874,41.154732
0,1,0,1,1,1,-8.584353,41.16312,-0.01223099999999988,-0.005003999999999564,-8.596584,41.158116
0,1,0,1,1,1,-8.639901,41.159772,0.030843000000000842,-0.01699199999999479,-8.609058,41.14278
0,1,0,1,1,1,-8.611065,41.149395,-0.012807000000000457,-0.0011879999999990787,-8.623872,41.148207
0,1,0,1,1,1,-8.609562,41.151276,-0.009710999999999359,0.004427999999997212,-8.619273,41.155704
0,0,1,1,1,1,-8.600661,41.161437,-0.02798999999999907,-0.010179000000000826,-8.628651,41.151258
0,1,0,1,1,1,-8.61975,41.148018,-0.05464800000000025,0.007632000000000971,-8.674398,41.15565
1,0,0,1,1,1,-8.593758,41.157909,0.026945999999998804,0.012078000000002476,-8.566812,41.169987
0,0,1,1,1,1,-8.61012,41.140827,-0.004635000000000389,-0.017001000000000488,-8.614755,41.123826
0,1,0,1,1,1,-8.599248,41.149125,-0.048042000000000584,0.0035370000000014556,-8.64729,41.152662
0,0,1,1,1,1,-8.617581,41.145984,0.013553999999999178,0.0005129999999979873,-8.604027,41.146497
1,0,0,1,1,1,-8.65521,41.154453,0.064782000000001,0.019989000000002477,-8.590428,41.174442
1,0,0,1,1,1,-8.640846,41.15997,-0.036279000000000394,-0.008109000000004585,-8.677125,41.151861
0,1,0,1,1,1,-8.606475,41.144679,-0.01361699999999999,0.0030240000000034684,-8.620092,41.147703
0,1,0,1,1,1,-8.599293,41.149179,0.02567699999999995,0.00847800000000376,-8.573616,41.157657
1,0,0,1,1,1,-8.667216,41.1615,0.0602999999999998,-0.011213999999995394,-8.606916,41.150286
1,0,0,1,1,1,-8.634006,41.147793,-0.03270600000000101,0.001989000000001795,-8.666712,41.149782
0,1,0,1,1,1,-8.613225,41.16681,-0.007911000000000001,0.010629000000001554,-8.621136,41.177439
1,0,0,1,1,1,-8.649054,41.149971,0.0001889999999988845,0.004958999999999492,-8.648865,41.15493
0,0,1,1,1,1,-8.610552,41.149134,-0.0008549999999996061,0.03284100000000478,-8.611407,41.181975
0,1,0,1,1,1,-8.630577,41.154894,0.00372600000000034,0.01413000000000153,-8.626851,41.169024
0,0,1,1,1,1,-8.637723,41.15952,-0.00043199999999998795,0.019368000000000052,-8.638155,41.178888
0,1,0,1,1,1,-8.591256,41.162715,0.02676600000000029,-0.011141999999999541,-8.56449,41.151573
0,1,0,1,1,1,-8.609724,41.16033,0.014948999999999657,-0.007560000000005118,-8.594775,41.15277
1,0,0,1,1,1,-8.614773,41.1651,-0.00990900000000039,-0.00397800000000359,-8.624682,41.161122
0,0,1,1,1,1,-8.659458,41.153283,-0.00011699999999947863,0.0006389999999996121,-8.659575,41.153922
0,0,1,1,1,1,-8.602416,41.15592,-0.04738500000000023,-0.5136660000000006,-8.649801,40.642254
0,1,0,1,1,1,-8.627193,41.166837,-0.020547000000000537,-0.011889000000003591,-8.64774,41.154948
0,1,0,1,1,1,-8.612568,41.145912,0.026972999999999914,0.005687999999999249,-8.585595,41.1516
0,1,0,1,1,1,-8.619786,41.148099,0.03365999999999936,0.00010799999999733245,-8.586126,41.148207
1,0,0,1,1,1,-8.567424,41.15376,-0.0003239999999991028,-0.00027000000000043656,-8.567748,41.15349
0,1,0,1,1,1,-8.610624,41.145201,-0.07706699999999955,0.0267120000000034,-8.687691,41.171913
0,0,1,1,1,1,-8.610876,41.145579,-0.006785999999999959,0.0005489999999994666,-8.617662,41.146128
0,0,1,1,1,1,-8.5905,41.162751,-0.016956000000000415,-0.01724399999999804,-8.607456,41.145507
0,0,1,1,1,1,-8.664129,41.15844,0.10590300000000141,0.019179000000001167,-8.558226,41.177619
0,1,0,1,1,1,-8.649531,41.167368,0.022653000000000034,-0.035370000000000346,-8.626878,41.131998
0,1,0,1,1,1,-8.599275,41.149152,0.08685900000000046,-0.026307000000002745,-8.512416,41.122845
0,0,1,1,1,1,-8.643492,41.178618,-0.009990000000000165,-0.0240659999999977,-8.653482,41.154552
0,0,1,1,1,1,-8.608095,41.147235,0.009216000000000335,0.017720999999994547,-8.598879,41.164956
1,0,0,1,1,1,-8.681886,41.157234,0.021311999999999998,0.0026279999999943016,-8.660574,41.159862
1,0,0,1,1,1,-8.643744,41.154471,0.026045999999999125,-0.00798300000000296,-8.617698,41.146488
0,0,1,1,1,1,-8.588295,41.168871,-0.06352199999999897,-0.01115100000000524,-8.651817,41.15772
0,1,0,1,1,1,-8.591193,41.162616,-0.030707999999998847,-0.014994000000001506,-8.621901,41.147622
1,0,0,1,1,1,-8.611596,41.14908,-0.021077999999999264,0.039968999999999255,-8.632674,41.189049
1,0,0,1,1,1,-8.624646,41.157918,0.003797999999999746,-0.010485000000002742,-8.620848,41.147433
0,0,1,1,1,1,-8.654256,41.180319,0.03745800000000088,-0.017693999999998766,-8.616798,41.162625
1,0,0,1,1,1,-8.609985,41.153841,-0.04304699999999961,0.005048999999999637,-8.653032,41.15889
0,0,1,1,1,1,-8.610057,41.140881,-0.0007650000000012369,0.004761000000002014,-8.610822,41.145642
0,1,0,1,1,1,-8.608689,41.147883,-0.013410000000000366,-0.0001620000000031041,-8.622099,41.147721
0,1,0,1,1,1,-8.600112,41.182722,0.015965999999998814,-0.03369599999999906,-8.584146,41.149026
0,1,0,1,1,1,-8.591265,41.162679,0.008145000000000735,0.012132000000001142,-8.58312,41.174811
1,0,0,1,1,1,-8.6769,41.151663,-0.010322999999999638,0.023147999999999058,-8.687223,41.174811
0,1,0,1,1,1,-8.613972,41.141295,0.0025740000000009644,-0.014310000000001821,-8.611398,41.126985
0,1,0,1,1,1,-8.599194,41.149143,-0.06581699999999913,0.01403999999999428,-8.665011,41.163183
1,0,0,1,1,1,-8.681643,41.157027,0.06155099999999969,-0.02743199999999746,-8.620092,41.129595
0,1,0,1,1,1,-8.602884,41.179662,0.0002250000000003638,-0.0001260000000016248,-8.602659,41.179536
0,1,0,1,1,1,-8.628804,41.160978,0.009161999999999892,-0.00850499999999954,-8.619642,41.152473
0,0,1,1,1,1,-8.628165,41.157324,0.02132999999999896,-0.02569500000000602,-8.606835,41.131629
0,1,0,1,1,1,-8.619615,41.148036,-0.049293000000000475,0.004680000000000462,-8.668908,41.152716
1,0,0,1,1,1,-8.682552,41.180454,0.10070099999999904,-0.018386999999997045,-8.581851,41.162067
0,1,0,1,1,1,-8.600067,41.182731,-0.03505500000000161,0.03331800000000129,-8.635122,41.216049
1,0,0,1,1,1,-8.609364,41.164569,0.014921999999998548,-0.015605999999998232,-8.594442,41.148963
0,1,0,1,1,1,-8.61102,41.149422,-0.03930300000000031,0.015929999999997335,-8.650323,41.165352
0,1,0,1,1,1,-8.632341,41.164443,0.06201899999999938,0.0028170000000002915,-8.570322,41.16726
1,0,0,1,1,1,-8.628165,41.158476,-0.02307600000000143,0.023310000000002162,-8.651241,41.181786
0,1,0,1,1,1,-8.611119,41.149413,-0.03278699999999901,0.011015999999997916,-8.643906,41.160429
1,0,0,1,1,1,-8.677008,41.154795,0.058707000000000065,0.00027000000000043656,-8.618301,41.155065
1,0,0,1,1,1,-8.594154,41.166927,-0.0027810000000005886,0.019511999999998864,-8.596935,41.186439
0,0,1,1,1,1,-8.631828,41.159943,-0.021708000000000283,-0.0042389999999983274,-8.653536,41.155704
0,1,0,1,1,1,-8.609796,41.15115,-0.07492500000000035,0.02259899999999959,-8.684721,41.173749
0,0,1,1,1,1,-8.58564,41.148504,-0.05449500000000107,0.08729100000000045,-8.640135,41.235795
1,0,0,1,1,1,-8.592984,41.147028,-0.027216000000001017,0.0005850000000009459,-8.6202,41.147613
0,1,0,1,1,1,-8.604198,41.161059,-0.05183099999999996,0.013580999999994958,-8.656029,41.17464
0,1,0,1,1,1,-8.582661,41.180292,-0.02136600000000044,-0.018117000000003713,-8.604027,41.162175
0,0,1,1,1,1,-8.612604,41.148063,-0.014526000000000039,0.02158200000000221,-8.62713,41.169645
0,1,0,1,1,1,-8.649513,41.154309,0.03156300000000023,0.07069500000000062,-8.61795,41.225004
0,0,1,1,1,1,-8.60256,41.155749,-0.05314499999999889,-0.07019100000000122,-8.655705,41.085558
0,0,1,1,1,1,-8.60949,41.148297,-0.031968000000000885,0.011600999999998862,-8.641458,41.159898
0,1,0,1,1,1,-8.609409,41.15133,-0.010782000000000735,-0.003869999999999152,-8.620191,41.14746
0,1,0,1,1,1,-8.606997,41.150097,-0.040589999999999904,0.0043199999999998795,-8.647587,41.154417
1,0,0,1,1,1,-8.658594,41.150241,0.01776599999999995,0.023319000000000756,-8.640828,41.17356
0,1,0,1,1,1,-8.602947,41.179653,-0.051425999999999306,0.00158400000000114,-8.654373,41.181237
0,1,0,1,1,1,-8.62533,41.149368,-0.028520999999999574,0.004832999999997867,-8.653851,41.154201
0,0,1,1,1,1,-8.610849,41.147784,0.013806000000000651,0.03518100000000146,-8.597043,41.182965
0,1,0,1,1,1,-8.640225,41.16105,0.020114999999998773,-0.03141000000000105,-8.62011,41.12964
1,0,0,1,1,1,-8.685819,41.166243,0.0,3.600000000147929e-05,-8.685819,41.166279
1,0,0,1,1,1,-8.604063,41.180265,-0.001008000000000564,-0.030536999999995373,-8.605071,41.149728
0,1,0,1,1,1,-8.60706,41.150331,-0.009260999999998631,0.009323999999999444,-8.616321,41.159655
0,1,0,1,1,1,-8.632332,41.16438,0.021419999999999106,-0.018774000000000513,-8.610912,41.145606
0,1,0,1,1,1,-8.619786,41.147991,0.0010709999999996,-0.005597999999999104,-8.618715,41.142393
0,1,0,1,1,1,-8.585694,41.148513,-0.0845280000000006,0.08896500000000174,-8.670222,41.237478
0,1,0,1,1,1,-8.610948,41.145921,-0.012176999999999438,-0.02657700000000318,-8.623125,41.119344
0,0,1,1,1,1,-8.613216,41.137758,-0.04656600000000033,0.01904400000000095,-8.659782,41.156802
0,0,1,1,1,1,-8.604189,41.161257,-0.025586999999999804,-0.005210999999995636,-8.629776,41.156046
0,1,0,1,1,1,-8.615601,41.140827,0.008378999999999692,0.004985999999995272,-8.607222,41.145813
0,1,0,1,1,1,-8.656785,41.161446,-0.024264000000000507,-0.0023309999999980846,-8.681049,41.159115
0,1,0,1,1,1,-8.649486,41.154273,0.04688999999999943,-0.00015300000000451064,-8.602596,41.15412
0,0,1,1,1,1,-8.711469,41.201559,0.018755999999999773,-0.01339200000000318,-8.692713,41.188167
0,1,0,1,1,1,-8.628327,41.157396,0.028539000000000314,0.0020160000000046807,-8.599788,41.159412
0,1,0,1,1,1,-8.602866,41.179653,-0.06736499999999879,0.05774399999999957,-8.670231,41.237397
0,1,0,1,1,1,-8.599248,41.149107,-0.023004000000000246,-0.025235999999999592,-8.622252,41.123871
0,1,0,1,1,1,-8.617572,41.146137,0.009566999999998771,0.011447999999994352,-8.608005,41.157585
1,0,0,1,1,1,-8.599851,41.175378,-0.06570900000000002,-0.01652400000000398,-8.66556,41.158854
0,0,1,1,1,1,-8.683551,41.159223,0.06844499999999876,-0.018386999999997045,-8.615106,41.140836
1,0,0,1,1,1,-8.601228,41.181795,0.0029790000000016192,-0.03482999999999947,-8.598249,41.146965
0,1,0,1,1,1,-8.585631,41.148576,-0.04321800000000131,0.007956000000000074,-8.628849,41.156532
0,1,0,1,1,1,-8.674065,41.153868,0.0571230000000007,0.0197819999999993,-8.616942,41.17365
0,1,0,1,1,1,-8.63991,41.159754,-0.01359899999999925,0.020294999999997287,-8.653509,41.180049
0,0,1,1,1,1,-8.600085,41.182704,-0.017919000000000906,-0.03434400000000437,-8.618004,41.14836
0,1,0,1,1,1,-8.630703,41.154795,0.007065000000000765,0.002853000000001771,-8.623638,41.157648
1,0,0,1,1,1,-8.596764,41.167629,-0.009342000000000183,-0.02322900000000061,-8.606106,41.1444
0,1,0,1,1,1,-8.582481,41.180589,-0.02431800000000095,-0.06481799999999538,-8.606799,41.115771
0,0,1,1,1,1,-8.649558,41.147982,0.04147200000000062,0.005472000000004584,-8.608086,41.153454
0,1,0,1,1,1,-8.610849,41.145768,0.012140999999999735,0.012195000000005507,-8.598708,41.157963
0,1,0,1,1,1,-8.600202,41.182695,-0.07004700000000064,0.05484599999999773,-8.670249,41.237541
0,1,0,1,1,1,-8.672103,41.149026,0.09868499999999969,-0.0014400000000023283,-8.573418,41.147586
1,0,0,1,1,1,-8.658018,41.177862,-0.017739000000000615,-0.026576999999996076,-8.675757,41.151285
0,1,0,1,1,1,-8.604306,41.160978,-0.02539800000000092,-0.004761000000002014,-8.629704,41.156217
0,0,1,1,1,1,-8.603532,41.162301,0.0021690000000003096,0.0015750000000025466,-8.601363,41.163876
0,0,1,1,1,1,-8.664759,41.158161,0.05892300000000006,-0.008352000000002135,-8.605836,41.149809
0,1,0,1,1,1,-8.585424,41.147919,-0.03232799999999969,-0.0008010000000027162,-8.617752,41.147118
0,1,0,1,1,1,-8.614026,41.141232,0.0069120000000015835,0.004940999999995199,-8.607114,41.146173
0,0,1,1,1,1,-8.640045,41.159781,0.039077999999999946,0.010044000000000608,-8.600967,41.169825
0,1,0,1,1,1,-8.617608,41.146173,0.0052920000000007406,0.09119700000000108,-8.612316,41.23737
0,1,0,1,1,1,-8.584227,41.16312,-0.05158799999999886,-0.022545000000000925,-8.635815,41.140575
0,0,1,1,1,1,-8.489943,41.19768,-0.006876000000000104,0.0006389999999996121,-8.496819,41.198319
0,0,1,1,1,1,-8.580636,41.188428,-0.09327599999999947,-0.03393000000000512,-8.673912,41.154498
0,1,0,1,1,1,-8.58564,41.148612,-0.05507099999999987,0.010953000000000657,-8.640711,41.159565
0,1,0,1,1,1,-8.619939,41.147883,-0.030545999999999296,0.013796999999996729,-8.650485,41.16168
0,0,1,1,1,1,-8.613603,41.137551,-0.0004770000000000607,0.00854100000000102,-8.61408,41.146092
0,1,0,1,1,1,-8.615466,41.14071,-0.01564199999999971,0.008208000000003324,-8.631108,41.148918
0,0,1,1,1,1,-8.615313,41.161878,-0.0134369999999997,0.008946000000001675,-8.62875,41.170824
0,0,1,1,1,1,-8.647983,41.154885,-0.0026460000000003703,0.02636100000000141,-8.650629,41.181246
0,1,0,1,1,1,-8.638479,41.170815,0.05634900000000087,0.018216000000002452,-8.58213,41.189031
0,0,1,1,1,1,-8.6193,41.15601,0.006012000000000128,-0.0017730000000000246,-8.613288,41.154237
1,0,0,1,1,1,-8.569008,41.158935,0.003114000000000061,0.014336999999997602,-8.565894,41.173272
1,0,0,1,1,1,-8.639928,41.16096,-0.014355000000000118,0.01988099999999804,-8.654283,41.180841
0,1,0,1,1,1,-8.585667,41.148621,-0.021833999999998355,-0.0031770000000008736,-8.607501,41.145444
0,1,0,1,1,1,-8.615682,41.140944,-0.07800300000000071,0.039968999999999255,-8.693685,41.180913
1,0,0,1,1,1,-8.673696,41.149701,0.060570000000000235,-0.009126000000001966,-8.613126,41.140575
1,0,0,1,1,1,-8.640819,41.160033,-0.029159999999999187,0.0766530000000003,-8.669979,41.236686
1,0,0,1,1,1,-8.645049,41.162499,-0.00912600000000019,0.018432000000004223,-8.654175,41.180931
0,0,1,1,1,1,-8.680284,41.171814,0.06965100000000035,-0.0019439999999946167,-8.610633,41.16987
0,0,1,1,1,1,-8.690139,41.194908,0.0,0.0,-8.690139,41.194908
0,1,0,1,1,1,-8.610867,41.14566,-0.015164999999999651,0.011744999999997674,-8.626032,41.157405
1,0,0,1,1,1,-8.615925,41.127849,-0.05386500000000005,0.10890900000000414,-8.66979,41.236758
1,0,0,1,1,1,-8.571987,41.165334,-0.02521800000000063,-0.008189999999999031,-8.597205,41.157144
0,1,0,1,1,1,-8.585622,41.148549,-0.04902300000000004,0.013463999999999032,-8.634645,41.162013
1,0,0,1,1,1,-8.586864,41.17383,-0.008063999999999183,-0.015201000000004683,-8.594928,41.158629
0,1,0,1,1,1,-8.600175,41.182713,0.029322000000000514,-0.021672000000002356,-8.570853,41.161041
0,0,1,1,1,1,-8.612955,41.18598,-0.09427499999999966,0.008442000000002281,-8.70723,41.194422
1,0,0,1,1,1,-8.621289,41.143374,0.010170000000000456,0.017297999999996705,-8.611119,41.160672
0,0,1,1,1,1,-8.608158,41.147217,0.012770999999998978,0.014867999999999881,-8.595387,41.162085
0,1,0,1,1,1,-8.606511,41.144508,0.02039399999999958,0.004526999999995951,-8.586117,41.149035
0,0,1,1,1,1,-8.591724,41.162904,0.16494299999999917,0.3862440000000049,-8.426781,41.549148
1,0,0,1,1,1,-8.608968,41.153445,-0.032408999999999466,0.007119000000002984,-8.641377,41.160564
0,1,0,1,1,1,-8.649387,41.154372,0.04013100000000058,0.02508299999999508,-8.609256,41.179455
1,0,0,1,1,1,-8.66637,41.147523,0.06398100000000007,0.008594999999999686,-8.602389,41.156118
0,0,1,1,1,1,-8.611218,41.149431,0.012482999999999578,0.03337199999999996,-8.598735,41.182803
0,1,0,1,1,1,-8.585919,41.148432,-0.011348999999999165,0.008073000000003105,-8.597268,41.156505
0,0,1,1,1,1,-8.628246,41.157549,0.07795800000000064,-0.03735000000000355,-8.550288,41.120199
0,1,0,1,1,1,-8.606709,41.150142,7.200000000118223e-05,0.007911000000000001,-8.606637,41.158053
0,0,1,1,1,1,-8.614737,41.142906,-0.0743399999999994,0.03320099999999826,-8.689077,41.176107
0,0,1,1,1,1,-8.616672,41.141232,0.03364199999999862,0.003761999999994714,-8.58303,41.144994
1,0,0,1,1,1,-8.621019,41.154066,-0.0011969999999994485,0.006318000000000268,-8.622216,41.160384
0,0,1,1,1,1,-8.610615,41.145255,-0.007524000000000086,0.010611000000004367,-8.618139,41.155866
0,1,0,1,1,1,-8.628237,41.15754,0.023931000000001035,0.0032220000000009463,-8.604306,41.160762
0,0,1,1,1,1,-8.625069,41.148468,0.014435999999999893,-0.0029699999999976967,-8.610633,41.145498
1,0,0,1,1,1,-8.631252,41.146425,0.017424000000000106,-0.0014400000000023283,-8.613828,41.144985
0,0,1,1,1,1,-8.658792,41.150655,0.034694999999999254,0.00558900000000051,-8.624097,41.156244
0,1,0,1,1,1,-8.610813,41.145606,-0.029790000000000205,0.015686999999999784,-8.640603,41.161293
0,1,0,1,1,1,-8.610822,41.145723,-0.012131999999999366,0.0035640000000043415,-8.622954,41.149287
1,0,0,1,1,1,-8.607303,41.161536,0.02136600000000044,-0.01254600000000039,-8.585937,41.14899
0,1,0,1,1,1,-8.569809,41.166108,-0.024102000000000956,0.0010709999999960473,-8.593911,41.167179
0,1,0,1,1,1,-8.584362,41.163156,-0.018953999999999027,0.010610999999997262,-8.603316,41.173767
0,0,1,1,1,1,-8.600166,41.182704,-0.017253000000000185,-0.01307700000000267,-8.617419,41.169627
0,1,0,1,1,1,-8.612586,41.146029,-0.03728699999999918,0.02055599999999913,-8.649873,41.166585
0,1,0,1,1,1,-8.628822,41.161023,0.026648999999999035,-0.005192999999998449,-8.602173,41.15583
0,1,0,1,1,1,-8.656812,41.161473,0.04563000000000095,-0.015200999999997578,-8.611182,41.146272
0,1,0,1,1,1,-8.614062,41.141295,-0.0011159999999996728,-0.01943099999999731,-8.615178,41.121864
1,0,0,1,1,1,-8.625312,41.159592,0.039671999999999485,-0.010809000000001845,-8.58564,41.148783
0,1,0,1,1,1,-8.582553,41.180463,-0.018629999999999924,0.002600999999998521,-8.601183,41.183064
1,0,0,1,1,1,-8.591526,41.168349,0.005625000000000213,-0.019556999999998936,-8.585901,41.148792
0,1,0,1,1,1,-8.606502,41.144679,-0.05044499999999985,0.008460000000006573,-8.656947,41.153139
1,0,0,1,1,1,-8.670546,41.157432,0.01930499999999924,0.024371999999999616,-8.651241,41.181804
0,0,1,1,1,1,-8.614026,41.146875,0.0136440000000011,0.012383999999997286,-8.600382,41.159259
0,0,1,1,1,1,-8.65431,41.18085,-0.013454999999998662,0.05732100000000173,-8.667765,41.238171
0,1,0,1,1,1,-8.599995,41.182704,-0.06988499999999931,0.05396400000000057,-8.66988,41.236668
0,1,0,1,1,1,-8.584299,41.163165,-0.038790000000000546,-0.015408000000000754,-8.623089,41.147757
1,0,0,1,1,1,-8.611407,41.1615,-0.06544799999999995,-0.008738999999998498,-8.676855,41.152761
0,0,1,1,1,1,-8.610795,41.145732,-0.02151000000000103,0.018737999999999033,-8.632305,41.16447
0,1,0,1,1,1,-8.615556,41.140728,0.003555000000000419,0.01313999999999993,-8.612001,41.153868
0,0,1,1,1,1,-8.602047,41.142663,-0.02438999999999858,0.013401000000001773,-8.626437,41.156064
0,1,0,1,1,1,-8.630217,41.155038,0.016901999999999973,-0.013562999999997771,-8.613315,41.141475
0,1,0,1,1,1,-8.60904,41.147181,-0.06092100000000045,0.08940599999999677,-8.669961,41.236587
0,0,1,1,1,1,-8.602578,41.155776,0.00773099999999971,0.011096999999999468,-8.594847,41.166873
0,0,1,1,1,1,-8.639496,41.162238,0.05382899999999857,-0.01339200000000318,-8.585667,41.148846
0,0,1,1,1,1,-8.626113,41.171373,-0.01126799999999939,-0.006741000000005215,-8.637381,41.164632
0,1,0,1,1,1,-8.617599,41.146218,0.05804999999999971,0.050661000000005174,-8.559549,41.196879
0,0,1,1,1,1,-8.618418,41.163669,0.007208999999999577,-0.017451000000001216,-8.611209,41.146218
0,1,0,1,1,1,-8.585658,41.148648,-0.08752499999999941,0.01643399999999673,-8.673183,41.165082
0,1,0,1,1,1,-8.608995,41.147604,-0.05837400000000059,0.008459999999999468,-8.667369,41.156064
0,1,0,1,1,1,-8.62767,41.157558,0.042002999999999346,-0.008594999999999686,-8.585667,41.148963
0,0,1,1,1,1,-8.587377,41.157468,0.007569000000000159,0.0020159999999975753,-8.579808,41.159484
0,0,1,1,1,1,-8.586189,41.175225,0.011897999999998632,0.010197000000005119,-8.574291,41.185422
1,0,0,1,1,1,-8.627193,41.170122,0.008019000000000887,-0.02210399999999879,-8.619174,41.148018
0,0,1,1,1,1,-8.612748,41.157126,0.018936000000000064,-0.0025109999999983756,-8.593812,41.154615
0,1,0,1,1,1,-8.614008,41.141277,0.008577000000000723,-0.015543000000000973,-8.605431,41.125734
1,0,0,1,1,1,-8.672076,41.166747,0.02479500000000101,-0.0031499999999979877,-8.647281,41.163597
1,0,0,1,1,1,-8.571492,41.168133,-0.09729900000000136,0.008145000000006064,-8.668791,41.176278
1,0,0,1,1,1,-8.620929,41.16753,0.03155399999999986,0.0020159999999975753,-8.589375,41.169546
0,0,1,1,1,1,-8.59806,41.150538,-0.00773099999999971,-0.0062009999999972365,-8.605791,41.144337
0,0,1,1,1,1,-8.647803,41.173551,0.01811700000000016,-0.013086000000001263,-8.629686,41.160465
0,0,1,1,1,1,-8.602488,41.155893,-0.014040000000001385,-0.008693999999998425,-8.616528,41.147199
0,1,0,1,1,1,-8.600094,41.182794,0.015344999999999942,-0.007335000000004754,-8.584749,41.175459
0,1,0,1,1,1,-8.619831,41.148027,0.013968000000000202,-0.0035820000000015284,-8.605863,41.144445
0,1,0,1,1,1,-8.585694,41.148522,-0.024623999999999313,0.008693999999998425,-8.610318,41.157216
0,1,0,1,1,1,-8.689356,41.168106,0.08441099999999935,0.002780999999998812,-8.604945,41.170887
0,0,1,1,1,1,-8.596908,41.169708,0.015309000000000239,-0.01363500000000073,-8.581599,41.156073
0,1,0,1,1,1,-8.589249,41.169717,-0.021194999999998743,-0.020448000000001798,-8.610444,41.149269
1,0,0,1,1,1,-8.655057,41.152626,0.08152199999999965,0.0015570000000053597,-8.573535,41.154183
0,1,0,1,1,1,-8.627751,41.175414,0.007065000000000765,-0.027972000000005437,-8.620686,41.147442
1,0,0,1,1,1,-8.682759,41.161662,0.03283200000000086,0.013553999999999178,-8.649927,41.175216
0,1,0,1,1,1,-8.585649,41.148567,-0.02475899999999953,0.025019999999997822,-8.610408,41.173587
0,0,1,1,1,1,-8.617356,41.144895,-0.02334600000000009,-0.0032489999999967267,-8.640702,41.141646
0,1,0,1,1,1,-8.610678,41.145165,-0.03680999999999912,0.00614699999999857,-8.647488,41.151312
0,1,0,1,1,1,-8.589348,41.169744,-0.03767400000000087,-0.010908000000000584,-8.627022,41.158836
0,1,0,1,1,1,-8.617617,41.146101,-0.006741000000001662,0.01502999999999588,-8.624358,41.161131
0,0,1,1,1,1,-8.633691,41.152635,0.01966499999999982,-0.006623999999995078,-8.614026,41.146011
0,1,0,1,1,1,-8.61984,41.148027,0.004967999999999861,-0.001322999999999297,-8.614872,41.146704
1,0,0,1,1,1,-8.579241,41.174451,-0.025785000000000835,-0.024830999999998937,-8.605026,41.14962
0,1,0,1,1,1,-8.627652,41.175351,-0.04700700000000069,0.04157099999999758,-8.674659,41.216922
1,0,0,1,1,1,-8.60958,41.149494,-0.004185000000001438,-0.002843999999996072,-8.613765,41.14665
0,0,1,1,1,1,-8.614242,41.146326,-0.014408999999998784,0.010449000000001263,-8.628651,41.156775
0,1,0,1,1,1,-8.604135,41.161086,-0.029745000000000132,0.018684000000000367,-8.63388,41.17977
0,1,0,1,1,1,-8.58564,41.14863,-0.09355500000000028,0.00981000000000165,-8.679195,41.15844
1,0,0,1,1,1,-8.623386,41.152878,0.02165399999999984,0.006731999999999516,-8.601732,41.15961
0,1,0,1,1,1,-8.621001,41.161032,0.003392999999999091,-0.013770000000000948,-8.617608,41.147262
0,0,1,1,1,1,-8.61039,41.151663,-0.014030999999999239,0.02776500000000226,-8.624421,41.179428
1,0,0,1,1,1,-8.58438,41.178348,-0.027117000000000502,-0.03195000000000192,-8.611497,41.146398
0,0,1,1,1,1,-8.6157,41.225301,0.007514999999999716,-0.0002610000000018431,-8.608185,41.22504
0,0,1,1,1,1,-8.639118,41.148468,0.0,0.0,-8.639118,41.148468
0,1,0,1,1,1,-8.608635,41.147838,0.022931999999999064,0.000846000000002789,-8.585703,41.148684
0,1,0,1,1,1,-8.580222,41.159187,-0.012672000000000239,0.00850499999999954,-8.592894,41.167692
0,0,1,1,1,1,-8.630208,41.157477,0.04444200000000009,-0.008747999999997091,-8.585766,41.148729
0,1,0,1,1,1,-8.604135,41.161176,-0.010583999999999705,0.004311000000001286,-8.614719,41.165487
0,1,0,1,1,1,-8.689338,41.168151,0.025685999999998543,-0.012509999999998911,-8.663652,41.155641
0,0,1,1,1,1,-8.649423,41.17491,0.04409099999999988,-0.0268739999999994,-8.605332,41.148036
1,0,0,1,1,1,-8.600355,41.148702,-0.012599999999999056,0.008352000000002135,-8.612955,41.157054
1,0,0,1,1,1,-8.593263,41.157684,0.02274300000000018,0.006695999999998037,-8.57052,41.16438
0,0,1,1,1,1,-8.607762,41.148027,-0.06238800000000033,0.08900100000000322,-8.67015,41.237028
1,0,0,1,1,1,-8.668647,41.148081,-0.0015750000000007702,0.0895140000000012,-8.670222,41.237595
0,0,1,1,1,1,-8.60832,41.153544,-0.017090999999998857,0.004005000000006476,-8.625411,41.157549
0,0,1,1,1,1,-8.602434,41.15574,-0.05023800000000023,-0.006236999999998716,-8.652672,41.149503
0,0,1,1,1,1,-8.611785,41.159889,-0.014166000000001233,0.004671000000001868,-8.625951,41.16456
0,1,0,1,1,1,-8.585658,41.148576,-0.055430999999998676,-0.0044010000000014315,-8.641089,41.144175
0,1,0,1,1,1,-8.606484,41.144571,-0.02380499999999941,0.013797000000003834,-8.630289,41.158368
1,0,0,1,1,1,-8.604729,41.156334,0.018864000000000658,-0.007389000000003421,-8.585865,41.148945
0,0,1,1,1,1,-8.616402,41.147154,-0.022265999999998343,0.012222000000001287,-8.638668,41.159376
0,1,0,1,1,1,-8.615556,41.140665,-0.04441500000000076,0.019413000000000125,-8.659971,41.160078
0,0,1,1,1,1,-8.598024,41.15835,-0.011960999999999444,-0.009296999999996558,-8.609985,41.149053
0,1,0,1,1,1,-8.582643,41.180508,0.011609999999999232,-0.003591000000000122,-8.571033,41.176917
0,0,1,1,1,1,-8.590572,41.164326,0.0036989999999992307,0.003546000000000049,-8.586873,41.167872
1,0,0,1,1,1,-8.598879,41.174703,-0.014499000000000706,-0.02084400000000386,-8.613378,41.153859
1,0,0,1,1,1,-8.606421,41.147838,-0.02430000000000021,0.006813000000001068,-8.630721,41.154651
1,0,0,1,1,1,-8.596152,41.153697,-0.014670000000000627,0.009008999999998935,-8.610822,41.162706
1,0,0,1,1,1,-8.60877,41.158188,-0.021321000000000367,0.0003600000000005821,-8.630091,41.158548
0,1,0,1,1,1,-8.627175,41.166963,-0.0006300000000010186,-0.010926000000004876,-8.627805,41.156037
0,1,0,1,1,1,-8.630253,41.154867,-0.06481800000000071,0.04669200000000018,-8.695071,41.201559
0,1,0,1,1,1,-8.64945,41.167251,0.01342799999999933,-0.008127000000001772,-8.636022,41.159124
0,1,0,1,1,1,-8.649522,41.154246,0.010430999999998747,0.006920999999998401,-8.639091,41.161167
0,1,0,1,1,1,-8.610966,41.145678,-0.0808560000000007,0.03155399999999986,-8.691822,41.177232
0,1,0,1,1,1,-8.599203,41.149143,-0.0023940000000006734,0.03039299999999656,-8.601597,41.179536
0,0,1,1,1,1,-8.58294,41.168358,0.0,0.0,-8.58294,41.168358
0,0,1,1,1,1,-8.611758,41.153508,0.007460999999999274,-0.0020340000000018676,-8.604297,41.151474
0,1,0,1,1,1,-8.612496,41.145993,-0.030500999999999223,0.018081000000002234,-8.642997,41.164074
0,0,1,1,1,1,-8.663733,41.177169,0.07808400000000049,-0.02832300000000032,-8.585649,41.148846
1,0,0,1,1,1,-8.628804,41.154318,-0.0032040000000002067,0.010655999999997334,-8.632008,41.164974
0,1,0,1,1,1,-8.654706,41.173578,-0.025182000000000926,0.012042000000000996,-8.679888,41.18562
1,0,0,1,1,1,-8.647389,41.151501,0.036162000000000916,-0.004527000000003056,-8.611227,41.146974
0,0,1,1,1,1,-8.608383,41.167206,-0.04738500000000023,0.00503100000000245,-8.655768,41.172237
0,1,0,1,1,1,-8.615538,41.140674,0.04085099999999997,0.0020340000000018676,-8.574687,41.142708
0,0,1,1,1,1,-8.628138,41.157369,-0.0221309999999999,-0.003195000000005166,-8.650269,41.154174
0,1,0,1,1,1,-8.604207,41.161041,-0.02615400000000001,-0.0015569999999982542,-8.630361,41.159484
1,0,0,1,1,1,-8.609382,41.177214,0.016496999999999318,-0.014715000000002476,-8.592885,41.162499
1,0,0,1,1,1,-8.663328,41.1732,0.03282300000000049,0.00838799999999651,-8.630505,41.181588
0,1,0,1,1,1,-8.606862,41.150655,-0.00029699999999976967,-0.00011700000000303135,-8.607159,41.150538
0,1,0,1,1,1,-8.609571,41.15124,-0.07708499999999852,0.0224189999999993,-8.686656,41.173659
0,1,0,1,1,1,-8.610516,41.145192,-0.025694999999998913,0.014021999999997092,-8.636211,41.159214
0,1,0,1,1,1,-8.585622,41.148513,-0.025757999999999726,-0.0026190000000028135,-8.61138,41.145894
0,1,0,1,1,1,-8.585622,41.148459,-0.11805299999999974,0.04652099999999848,-8.703675,41.19498
1,0,0,1,1,1,-8.587602,41.169771,-0.0824309999999997,0.06698700000000457,-8.670033,41.236758
0,1,0,1,1,1,-8.611128,41.149386,-0.013850999999998947,0.030734999999999957,-8.624979,41.180121
0,0,1,1,1,1,-8.60499,41.158935,-0.017972999999999573,0.0025380000000012615,-8.622963,41.161473
0,0,1,1,1,1,-8.674776,41.154579,0.0,0.0,-8.674776,41.154579
0,0,1,1,1,1,-8.683353,41.159115,0.15390900000000052,-0.017685000000000173,-8.529444,41.14143
0,1,0,1,1,1,-8.6094,41.177268,-0.006506999999999152,-0.029177999999994597,-8.615907,41.14809
0,1,0,1,1,1,-8.610876,41.145453,-0.043416000000000565,0.035711999999996635,-8.654292,41.181165
0,0,1,1,1,1,-8.659026,41.154048,0.049599000000000615,-0.0050670000000039295,-8.609427,41.148981
0,1,0,1,1,1,-8.649567,41.167206,0.031212000000000018,-0.023597999999999786,-8.618355,41.143608
0,1,0,1,1,1,-8.602902,41.179635,-0.03430799999999934,-0.021554999999999325,-8.63721,41.15808
1,0,0,1,1,1,-8.618031,41.147352,0.06392699999999962,0.012509999999998911,-8.554104,41.159862
0,0,1,1,1,1,-8.617338,41.147217,0.004635000000000389,0.019242000000005532,-8.612703,41.166459
0,1,0,1,1,1,-8.599995,41.182686,-0.013374000000000663,-0.028889999999996974,-8.613369,41.153796
1,0,0,1,1,1,-8.617482,41.142213,-0.010700999999999183,0.015228000000000463,-8.628183,41.157441
1,0,0,1,1,1,-8.602623,41.155398,-0.010440000000000893,-0.005085000000001116,-8.613063,41.150313
1,0,0,1,1,1,-8.617167,41.165352,0.018774000000000513,-0.004680000000000462,-8.598393,41.160672
0,1,0,1,1,1,-8.613864,41.141358,0.01312199999999919,0.027225000000001387,-8.600742,41.168583
0,0,1,1,1,1,-8.649423,41.154318,0.0383760000000013,0.009980999999996243,-8.611047,41.164299
0,0,1,1,1,1,-8.688843,41.172939,-0.004211999999998994,0.030014999999998793,-8.693055,41.202954
0,1,0,1,1,1,-8.585649,41.148279,-0.01637099999999947,0.009476999999996849,-8.60202,41.157756
0,1,0,1,1,1,-8.569737,41.166081,0.05136300000000027,-0.009755999999995879,-8.518374,41.156325
0,0,1,1,1,1,-8.612181,41.147973,-0.039680999999999855,-0.09596700000000169,-8.651862,41.052006
0,1,0,1,1,1,-8.628165,41.157648,0.015182999999998614,0.030662999999996998,-8.612982,41.188311
1,0,0,1,1,1,-8.641827,41.156856,-0.022005000000000052,0.006804000000002475,-8.663832,41.16366
1,0,0,1,1,1,-8.622558,41.157387,-0.012726000000000681,-0.016703999999997166,-8.635284,41.140683
0,1,0,1,1,1,-8.627166,41.166909,0.004662000000001498,-0.00940499999999389,-8.622504,41.157504
0,1,0,1,1,1,-8.627229,41.151951,0.01951200000000064,-0.0033479999999954657,-8.607717,41.148603
0,0,1,1,1,1,-8.609166,41.138901,-0.03818700000000064,0.004644000000006088,-8.647353,41.143545
1,0,0,1,1,1,-8.617041,41.166279,0.02069999999999972,-0.006696000000005142,-8.596341,41.159583
0,0,1,1,1,1,-8.611938,41.140521,0.01040400000000119,0.010556999999998595,-8.601534,41.151078
1,0,0,1,1,1,-8.663715,41.155875,0.043542000000000414,-0.026262000000002672,-8.620173,41.129613
0,1,0,1,1,1,-8.617734,41.14611,0.006255000000001232,0.020114999999996996,-8.611479,41.166225
0,1,0,1,1,1,-8.59923,41.149179,0.07226100000000102,0.03444300000000311,-8.526969,41.183622
0,0,1,1,1,1,-8.603955,41.146875,-0.06633900000000104,0.09082800000000191,-8.670294,41.237703
0,0,1,1,1,1,-8.614089,41.149458,-0.06861600000000045,0.008738999999998498,-8.682705,41.158197
0,0,1,1,1,1,-8.593776,41.140089,-0.013517999999999475,0.008486999999995248,-8.607294,41.148576
0,1,0,1,1,1,-8.599302,41.149152,-0.019071000000000282,0.020448000000001798,-8.618373,41.1696
0,1,0,1,1,1,-8.627166,41.151915,0.02215800000000101,-0.005220000000001335,-8.605008,41.146695
0,0,1,1,1,1,-8.570709,41.164632,-0.001898999999999873,-0.0013679999999993697,-8.572608,41.163264
1,0,0,1,1,1,-8.604621,41.156955,-0.020061000000000107,-0.029934000000004346,-8.624682,41.127021
0,0,1,1,1,1,-8.601147,41.159277,-0.00882900000000042,-0.01036799999999971,-8.609976,41.148909
1,0,0,1,1,1,-8.649711,41.166864,0.03760199999999969,-0.01826099999999542,-8.612109,41.148603
1,0,0,1,1,1,-8.609553,41.175486,-0.00835200000000036,-0.023282999999999276,-8.617905,41.152203
0,0,1,1,1,1,-8.613711,41.146821,-0.03202199999999955,0.007586999999993793,-8.645733,41.154408
0,0,1,1,1,1,-8.641377,41.159916,0.0258389999999995,-0.014454000000000633,-8.615538,41.145462
0,0,1,1,1,1,-8.610066,41.147622,-0.0009899999999998244,0.016578000000002646,-8.611056,41.1642
0,0,1,1,1,1,-8.611902,41.143518,-0.043019999999998504,0.009756000000002985,-8.654922,41.153274
1,0,0,1,1,1,-8.643177,41.160195,-0.022491000000000483,0.0030509999999992488,-8.665668,41.163246
1,0,0,1,1,1,-8.613783,41.175414,0.04038300000000028,-0.03141900000000675,-8.5734,41.143995
0,0,1,1,1,1,-8.601201,41.159475,0.04749299999999934,-0.031886999999997556,-8.553708,41.127588
1,0,0,1,1,1,-8.608095,41.143176,0.022023000000000792,0.005183999999999855,-8.586072,41.14836
0,1,0,1,1,1,-8.630487,41.154759,-0.030428999999999817,0.028665000000003715,-8.660916,41.183424
1,0,0,1,1,1,-8.599131,41.172192,0.04312799999999939,0.0008909999999957563,-8.556003,41.173083
0,0,1,1,1,1,-8.614125,41.149422,-0.008136000000000365,0.0018090000000015038,-8.622261,41.151231
0,0,1,1,1,1,-8.630559,41.14647,-0.04405500000000018,0.0075059999999993465,-8.674614,41.153976
1,0,0,1,1,1,-8.651745,41.153643,-0.0051120000000004495,0.026612999999997555,-8.656857,41.180256
1,0,0,1,1,1,-8.612163,41.148801,-0.0579869999999989,0.08868600000000271,-8.67015,41.237487
0,0,1,1,1,1,-8.582427,41.160177,0.0,0.0,-8.582427,41.160177
0,1,0,1,1,1,-8.60418,41.160978,0.004697999999999425,-0.00639900000000182,-8.599482,41.154579
0,1,0,1,1,1,-8.608662,41.147784,-0.013850999999998947,-0.028683000000000902,-8.622513,41.119101
0,1,0,1,1,1,-8.657109,41.16132,0.0,-9.000000005698894e-06,-8.657109,41.161311
0,1,0,1,1,1,-8.584398,41.163291,-0.02674799999999955,0.008297999999996364,-8.611146,41.171589
0,1,0,1,1,1,-8.656848,41.161527,0.052028999999999215,-0.008927999999997382,-8.604819,41.152599
1,0,0,1,1,1,-8.628813,41.15367,-0.030942000000001357,0.005580000000001917,-8.659755,41.15925
1,0,0,1,1,1,-8.617905,41.152464,0.006813000000001068,-0.0056429999999991765,-8.611092,41.146821
0,0,1,1,1,1,-8.65125,41.170815,-0.009351000000000553,0.01898100000000369,-8.660601,41.189796
0,1,0,1,1,1,-8.612631,41.146011,0.0024210000000000065,-0.005121000000002596,-8.61021,41.14089
0,1,0,1,1,1,-8.610723,41.145156,0.0007830000000002002,0.015093000000000245,-8.60994,41.160249
1,0,0,1,1,1,-8.598348,41.160537,-0.009161999999999892,-0.0033749999999983515,-8.60751,41.157162
0,1,0,1,1,1,-8.612586,41.14602,0.02306700000000106,0.017271000000000925,-8.589519,41.163291
1,0,0,1,1,1,-8.569017,41.151681,-0.07938899999999904,0.018647999999998888,-8.648406,41.170329
0,1,0,1,1,1,-8.613882,41.141232,0.0009720000000008611,0.0069480000000012865,-8.61291,41.14818
0,1,0,1,1,1,-8.628768,41.160996,0.022680000000001144,-0.016667999999995686,-8.606088,41.144328
0,0,1,1,1,1,-8.648199,41.15043,-0.03416400000000053,0.03036600000000078,-8.682363,41.180796
0,1,0,1,1,1,-8.606691,41.144688,-0.030933000000000987,0.007640999999999565,-8.637624,41.152329
0,1,0,1,1,1,-8.617518,41.146137,-0.0339659999999995,0.011771999999993454,-8.651484,41.157909
0,0,1,1,1,1,-8.623404,41.157783,-0.04706999999999972,0.08138699999999943,-8.670474,41.23917
0,1,0,1,1,1,-8.611155,41.149314,-0.03888000000000069,0.005022000000003857,-8.650035,41.154336
0,1,0,1,1,1,-8.612172,41.172786,0.009350999999998777,0.008117999999996073,-8.602821,41.180904
0,0,1,1,1,1,-8.654355,41.149683,-0.009215999999998559,0.006263999999994496,-8.663571,41.155947
0,0,1,1,1,1,-8.613504,41.154588,0.058608000000001326,-0.0036810000000002674,-8.554896,41.150907
0,0,1,1,1,1,-8.602398,41.155785,-0.052496999999998906,-0.002501999999999782,-8.654895,41.153283
1,0,0,1,1,1,-8.614602,41.14998,-0.039680999999999855,0.030887999999997362,-8.654283,41.180868
0,0,1,1,1,1,-8.6112,41.149242,0.008316000000000656,0.00586799999999954,-8.602884,41.15511
0,0,1,1,1,1,-8.602362,41.155965,0.06492599999999982,0.07981199999999689,-8.537436,41.235777
0,0,1,1,1,1,-8.648172,41.160933,-0.04118399999999944,0.019035000000002356,-8.689356,41.179968
0,1,0,1,1,1,-8.60418,41.161095,-0.033345000000000624,-0.008217000000001917,-8.637525,41.152878
0,1,0,1,1,1,-8.628723,41.160816,0.015624000000000748,-0.019368000000000052,-8.613099,41.141448
0,1,0,1,1,1,-8.612595,41.146038,0.002448000000001116,0.014490000000002112,-8.610147,41.160528
0,1,0,1,1,1,-8.656821,41.161473,0.03249900000000139,-0.002529000000002668,-8.624322,41.158944
0,1,0,1,1,1,-8.584335,41.163174,0.01392300000000013,-0.0024119999999996367,-8.570412,41.160762
1,0,0,1,1,1,-8.661294,41.163201,0.046179000000000414,-0.034343999999997266,-8.615115,41.128857
0,0,1,1,1,1,-8.568828,41.151699,-0.11951099999999926,0.026378999999998598,-8.688339,41.178078
0,1,0,1,1,1,-8.617653,41.146092,0.004248000000000474,-0.008424000000005094,-8.613405,41.137668
0,1,0,1,1,1,-8.613207,41.154444,-0.007956000000000074,0.006408000000000413,-8.621163,41.160852
0,1,0,1,1,1,-8.628651,41.161248,0.01467899999999922,0.017873999999999057,-8.613972,41.179122
0,1,0,1,1,1,-8.619957,41.148036,0.020888999999998603,0.0017820000000057235,-8.599068,41.149818
0,0,1,1,1,1,-8.610084,41.14089,0.01067399999999985,-0.008054999999998813,-8.59941,41.132835
0,0,1,1,1,1,-8.627211,41.15196,-0.04293899999999873,0.08528399999999436,-8.67015,41.237244
1,0,0,1,1,1,-8.628777,41.145687,0.019890000000000185,0.0018269999999986908,-8.608887,41.147514
0,0,1,1,1,1,-8.612973,41.148315,-0.07703099999999985,0.03008700000000175,-8.690004,41.178402
0,1,0,1,1,1,-8.612577,41.145993,-0.04033800000000021,0.01195200000000085,-8.652915,41.157945
0,1,0,1,1,1,-8.674029,41.153913,0.03530700000000131,0.005552999999999031,-8.638722,41.159466
0,1,0,1,1,1,-8.610624,41.145777,-0.01872000000000007,0.0067680000000009954,-8.629344,41.152545
0,1,0,1,1,1,-8.591247,41.162814,0.005579999999998364,-0.013859999999993988,-8.585667,41.148954
1,0,0,1,1,1,-8.596278,41.167539,-0.009783000000000541,-0.02304900000000032,-8.606061,41.14449
1,0,0,1,1,1,-8.613702,41.16492,-0.044171999999999656,-0.015561000000005265,-8.657874,41.149359
0,0,1,1,1,1,-8.603559,41.179923,0.008316000000000656,-0.025704000000004612,-8.595243,41.154219
0,1,0,1,1,1,-8.604828,41.161095,-0.00823500000000088,-0.012780000000006453,-8.613063,41.148315
0,1,0,1,1,1,-8.585613,41.14863,-0.08225999999999978,0.052803000000004374,-8.667873,41.201433
0,0,1,1,1,1,-8.602614,41.158125,-0.010548000000000002,0.0038160000000004857,-8.613162,41.161941
0,0,1,1,1,1,-8.607168,41.149926,-0.0038789999999995217,0.02266199999999685,-8.611047,41.172588
1,0,0,1,1,1,-8.638713,41.158332,-0.011655000000001081,0.04322700000000168,-8.650368,41.201559
0,0,1,1,1,1,-8.613297,41.166702,-0.03187800000000074,0.01637099999999947,-8.645175,41.183073
0,0,1,1,1,1,-8.598087,41.150664,-0.0718740000000011,0.08604000000000411,-8.669961,41.236704
0,0,1,1,1,1,-8.604162,41.161014,0.019584000000000046,0.017001000000000488,-8.584578,41.178015
0,1,0,1,1,1,-8.613324,41.154075,0.01939500000000116,0.012627000000001942,-8.593929,41.166702
0,1,0,1,1,1,-8.628768,41.161131,0.0016380000000015826,-0.011960999999999444,-8.62713,41.14917
0,1,0,1,1,1,-8.630433,41.154858,-0.012140999999999735,0.023193000000006236,-8.642574,41.178051
1,0,0,1,1,1,-8.633304,41.157612,0.012420000000000542,0.005391000000003032,-8.620884,41.163003
0,1,0,1,1,1,-8.613243,41.154453,-0.018162000000000234,-0.00010799999999733245,-8.631405,41.154345
1,0,0,1,1,1,-8.668206,41.16897,-0.02016900000000099,0.004733999999999128,-8.688375,41.173704
0,1,0,1,1,1,-8.604324,41.160717,0.0,0.0,-8.604324,41.160717
0,1,0,1,1,1,-8.630658,41.154741,0.0447570000000006,-0.0059219999999982065,-8.585901,41.148819
0,1,0,1,1,1,-8.6211,41.160951,0.01996199999999959,0.02207700000000301,-8.601138,41.183028
1,0,0,1,1,1,-8.647668,41.154993,0.0027359999999987394,0.006480000000003372,-8.644932,41.161473
0,1,0,1,1,1,-8.599194,41.14917,-0.018459000000000003,-0.003087000000000728,-8.617653,41.146083
0,1,0,1,1,1,-8.612766,41.145903,-0.01389599999999902,-0.02708099999999547,-8.626662,41.118822
0,1,0,1,1,1,-8.619768,41.148027,0.0626850000000001,-0.008153999999997552,-8.557083,41.139873
1,0,0,1,1,1,-8.608653,41.166648,0.012959999999999638,0.0010979999999989332,-8.595693,41.167746
0,0,1,1,1,1,-8.630244,41.179329,0.0,0.0,-8.630244,41.179329
0,0,1,1,1,1,-8.567046,41.164002,-0.06294600000000017,-0.0028170000000002915,-8.629992,41.161185
1,0,0,1,1,1,-8.593614,41.152563,-0.017486999999999142,0.020015999999998257,-8.611101,41.172579
0,1,0,1,1,1,-8.609454,41.17725,-0.015831000000000373,0.0018449999999958777,-8.625285,41.179095
0,0,1,1,1,1,-8.611776,41.147982,-0.011807999999998486,0.0021330000000006066,-8.623584,41.150115
1,0,0,1,1,1,-8.60049,41.161122,0.0036180000000012313,-0.007757999999995491,-8.596872,41.153364
1,0,0,1,1,1,-8.669619,41.235903,0.05653800000000153,-0.07479899999999873,-8.613081,41.161104
0,0,1,1,1,1,-8.613108,41.156928,0.06113700000000044,-0.16736399999999918,-8.551971,40.989564
0,0,1,1,1,1,-8.698194,41.195952,0.054117000000001525,-0.019160999999996875,-8.644077,41.176791
1,0,0,1,1,1,-8.571465,41.157819,0.004148999999999958,-0.005202000000004148,-8.567316,41.152617
1,0,0,1,1,1,-8.619336,41.152824,-0.030518999999999963,0.008837999999997237,-8.649855,41.161662
0,1,0,1,1,1,-8.585802,41.148522,-0.05497200000000113,0.011547000000000196,-8.640774,41.160069
0,0,1,1,1,1,-8.668908,41.235165,0.07888499999999965,-0.06654600000000244,-8.590023,41.168619
0,1,0,1,1,1,-8.630091,41.155092,0.0157860000000003,-0.012951000000001045,-8.614305,41.142141
0,1,0,1,1,1,-8.606061,41.144409,-0.0004229999999996181,0.0003509999999948832,-8.606484,41.14476
1,0,0,1,1,1,-8.668836,41.160987,0.05652000000000079,-0.012932999999996753,-8.612316,41.148054
0,1,0,1,1,1,-8.615529,41.140683,0.029547000000000878,0.008279999999999177,-8.585982,41.148963
0,1,0,1,1,1,-8.609643,41.151321,-0.048023999999999845,0.03917699999999513,-8.657667,41.190498
0,1,0,1,1,1,-8.639748,41.159772,-0.019835999999999743,0.0005220000000036862,-8.659584,41.160294
0,1,0,1,1,1,-8.584308,41.16312,-0.023462999999999568,-0.0027089999999958536,-8.607771,41.160411
1,0,0,1,1,1,-8.589537,41.180283,0.0038250000000008555,-0.031518000000005486,-8.585712,41.148765
0,1,0,1,1,1,-8.613162,41.166792,-0.050354999999999706,0.010728000000000293,-8.663517,41.17752
0,1,0,1,1,1,-8.621019,41.161086,-0.0337499999999995,-0.007721999999994011,-8.654769,41.153364
0,0,1,1,1,1,-8.585559,41.148495,-0.011609999999999232,0.03887100000000032,-8.597169,41.187366
1,0,0,1,1,1,-8.595873,41.169888,-0.013725000000000875,-0.01819799999999816,-8.609598,41.15169
0,1,0,1,1,1,-8.612172,41.172885,-0.008802000000001087,-0.022112999999997385,-8.620974,41.150772
0,1,0,1,1,1,-8.612568,41.146065,-0.0016379999999998063,-0.0009540000000001214,-8.614206,41.145111
0,0,1,1,1,1,-8.60499,41.161932,-0.016127999999998366,-0.0005220000000036862,-8.621118,41.16141
1,0,0,1,1,1,-8.667927,41.166576,0.01529999999999987,0.016559999999998354,-8.652627,41.183136
1,0,0,1,1,1,-8.64738,41.165541,0.03138299999999994,-0.017963999999999203,-8.615997,41.147577
0,1,0,1,1,1,-8.613342,41.166774,-0.04037399999999991,0.0028440000000031773,-8.653716,41.169618
0,1,0,1,1,1,-8.599338,41.14917,0.0174329999999987,0.012357000000001506,-8.581905,41.161527
0,1,0,1,1,1,-8.614116,41.141268,0.0007739999999998304,0.013734000000006574,-8.613342,41.155002
0,0,1,1,1,1,-8.632728,41.160258,0.0,0.0,-8.632728,41.160258
1,0,0,1,1,1,-8.663049,41.169816,0.08233200000000096,0.009171000000002039,-8.580717,41.178987
0,1,0,1,1,1,-8.627742,41.175405,-0.0024210000000000065,-0.013472999999997626,-8.630163,41.161932
1,0,0,1,1,1,-8.65755,41.148972,0.045900000000001384,-0.002907000000000437,-8.61165,41.146065
0,1,0,1,1,1,-8.585694,41.14863,0.05214600000000047,-0.008531999999995321,-8.533548,41.140098
1,0,0,1,1,1,-8.659179,41.165388,-0.02955599999999947,0.008451000000000874,-8.688735,41.173839
0,1,0,1,1,1,-8.609355,41.177187,0.010629000000001554,-0.011556000000005895,-8.598726,41.165631
1,0,0,1,1,1,-8.640675,41.159547,0.010286999999999935,-0.004428000000004317,-8.630388,41.155119
0,0,1,1,1,1,-8.592939,41.161959,-0.024840000000001083,-0.015381000000004974,-8.617779,41.146578
0,0,1,1,1,1,-8.626401,41.172435,0.0,0.0,-8.626401,41.172435
0,0,1,1,1,1,-8.610039,41.147694,0.012348000000001136,0.02335499999999513,-8.597691,41.171049
0,0,1,1,1,1,-8.6148,41.146641,-0.05289299999999919,0.02452499999999702,-8.667693,41.171166
1,0,0,1,1,1,-8.574696,41.142681,-0.03308400000000056,0.00456299999999743,-8.60778,41.147244
1,0,0,1,1,1,-8.609607,41.14053,0.010754999999999626,0.010296000000003858,-8.598852,41.150826
0,0,1,1,1,1,-8.637939,41.15295,0.008604000000000056,0.00794700000000148,-8.629335,41.160897
0,0,1,1,1,1,-8.66331,41.155578,0.0033839999999987214,0.004527000000003056,-8.659926,41.160105
0,1,0,1,1,1,-8.591139,41.162706,-0.001970999999999279,-0.011924999999997965,-8.59311,41.150781
0,1,0,1,1,1,-8.621037,41.160771,-0.00012599999999984846,-0.009143999999999153,-8.621163,41.151627
1,0,0,1,1,1,-8.640522,41.157216,-0.011996999999999147,0.004743000000004827,-8.652519,41.161959
0,1,0,1,1,1,-8.649603,41.167287,0.022356000000000265,-0.0008189999999999031,-8.627247,41.166468
0,1,0,1,1,1,-8.649216,41.154228,0.020798999999998458,0.003023999999996363,-8.628417,41.157252
0,0,1,1,1,1,-8.61453,41.141574,-0.044622000000000384,0.019052999999999543,-8.659152,41.160627
0,0,1,1,1,1,-8.613729,41.147631,0.03616199999999914,0.030689999999999884,-8.577567,41.178321
0,0,1,1,1,1,-8.585838,41.148684,-0.0561329999999991,0.052856999999995935,-8.641971,41.201541
1,0,0,1,1,1,-8.622099,41.176098,0.01128600000000013,-0.030330000000006407,-8.610813,41.145768
0,1,0,1,1,1,-8.656857,41.161428,0.04621500000000012,-0.015912000000000148,-8.610642,41.145516
0,0,1,1,1,1,-8.609643,41.151321,-0.015713999999999118,0.006038999999994132,-8.625357,41.15736
0,1,0,1,1,1,-8.628255,41.157369,-0.010548000000000002,-0.06030000000000513,-8.638803,41.097069
0,1,0,1,1,1,-8.674155,41.153895,0.026703000000001254,0.008901000000001602,-8.647452,41.162796
0,1,0,1,1,1,-8.582517,41.180436,0.004085999999999146,-0.026352000000002818,-8.578431,41.154084
0,1,0,1,1,1,-8.585604,41.148882,-0.05080500000000043,0.0037799999999990064,-8.636409,41.152662
0,0,1,1,1,1,-8.602551,41.155515,-0.0013679999999993697,-0.008639999999999759,-8.603919,41.146875
0,1,0,1,1,1,-8.606421,41.144625,-0.08131500000000003,0.021978000000004272,-8.687736,41.166603
0,0,1,1,1,1,-8.606385,41.144625,-0.06376500000000007,0.09288899999999956,-8.67015,41.237514
1,0,0,1,1,1,-8.583201,41.181228,-0.017243999999999815,0.0007920000000041227,-8.600445,41.18202
0,1,0,1,1,1,-8.611137,41.145354,-0.013869000000001463,0.02041200000000032,-8.625006,41.165766
0,1,0,1,1,1,-8.630136,41.157459,0.018171000000000603,-0.0028980000000018435,-8.611965,41.154561
0,1,0,1,1,1,-8.619867,41.147982,-0.010314000000001045,0.00717300000000165,-8.630181,41.155155
0,1,0,1,1,1,-8.649135,41.154534,0.039185999999999055,0.022563000000005218,-8.609949,41.177097
1,0,0,1,1,1,-8.586153,41.175441,0.0020969999999991273,-0.02701799999999821,-8.584056,41.148423
1,0,0,1,1,1,-8.612064,41.161977,0.030077999999999605,-0.0009810000000030072,-8.581986,41.160996
0,0,1,1,1,1,-8.623053,41.147856,-0.007479000000000013,0.00714600000000587,-8.630532,41.155002
1,0,0,1,1,1,-8.667999,41.175621,0.01315800000000067,-0.008477999999996655,-8.654841,41.167143
0,1,0,1,1,1,-8.639955,41.159709,0.018981000000000137,0.0025380000000012615,-8.620974,41.162247
0,1,0,1,1,1,-8.604774,41.16114,0.023184000000000538,0.019700999999997748,-8.58159,41.180841
0,0,1,1,1,1,-8.611614,41.150421,-0.028097999999999956,0.01749600000000129,-8.639712,41.167917
0,1,0,1,1,1,-8.649405,41.154372,-0.004851000000000383,0.02646000000000015,-8.654256,41.180832
0,0,1,1,1,1,-8.61228,41.148198,-0.01653299999999902,0.010530000000002815,-8.628813,41.158728
0,1,0,1,1,1,-8.632377,41.164434,0.01903500000000058,-0.016253999999996438,-8.613342,41.14818
1,0,0,1,1,1,-8.65224,41.157504,-0.002609999999998891,-0.004176000000001068,-8.65485,41.153328
0,0,1,1,1,1,-8.613603,41.146776,0.007919999999998595,0.015479999999996608,-8.605683,41.162256
1,0,0,1,1,1,-8.590941,41.168709,-0.013040999999999414,0.014040000000001385,-8.603982,41.182749
0,0,1,1,1,1,-8.590554,41.156712,0.0,0.0,-8.590554,41.156712
0,1,0,1,1,1,-8.649378,41.154327,0.028431000000001205,0.00045899999999932106,-8.620947,41.154786
1,0,0,1,1,1,-8.647794,41.15043,0.036080999999999364,-0.007154999999997358,-8.611713,41.143275
0,0,1,1,1,1,-8.610786,41.147721,-0.004167000000000698,0.023931000000004587,-8.614953,41.171652
0,1,0,1,1,1,-8.628471,41.157459,0.018765000000000143,0.015488999999995201,-8.609706,41.172948
0,1,0,1,1,1,-8.674092,41.15385,0.0664289999999994,-0.00045899999999932106,-8.607663,41.153391
0,0,1,1,1,1,-8.602749,41.158188,-0.009288000000001517,-0.0036090000000044142,-8.612037,41.154579
1,0,0,1,1,1,-8.603433,41.169492,0.0010710000000013764,-0.013553999999999178,-8.602362,41.155938
0,1,0,1,1,1,-8.610831,41.149305,-0.02628900000000023,0.0034380000000027167,-8.63712,41.152743
1,0,0,1,1,1,-8.62578,41.157468,-0.021887999999998797,-0.002465999999998303,-8.647668,41.155002
0,0,1,1,1,1,-8.613684,41.146056,-0.014679000000000997,0.010854000000001918,-8.628363,41.15691
0,0,1,1,1,1,-8.611956,41.148162,0.020897999999998973,0.014777999999999736,-8.591058,41.16294
0,1,0,1,1,1,-8.627742,41.175396,0.0,0.0,-8.627742,41.175396
1,0,0,1,1,1,-8.622954,41.150151,0.012788999999999717,-0.003951000000000704,-8.610165,41.1462
1,0,0,1,1,1,-8.649072,41.150187,0.046350000000000335,0.0009179999999986421,-8.602722,41.151105
0,1,0,1,1,1,-8.610768,41.145759,-0.01855800000000052,0.006858000000001141,-8.629326,41.152617
0,1,0,1,1,1,-8.579943,41.159628,-0.014903999999999584,-0.013292999999997335,-8.594847,41.146335
1,0,0,1,1,1,-8.586702,41.16996,0.0007650000000012369,-0.021168000000002962,-8.585937,41.148792
0,0,1,1,1,1,-8.613396,41.141196,0.0026460000000003703,0.004247999999996921,-8.61075,41.145444
1,0,0,1,1,1,-8.641026,41.161482,-0.03887100000000032,-0.004860000000000753,-8.679897,41.156622
1,0,0,1,1,1,-8.584785,41.177646,-0.04456799999999994,0.0019709999999975025,-8.629353,41.179617
0,1,0,1,1,1,-8.654769,41.173623,0.03932099999999927,0.051245999999999015,-8.615448,41.224869
0,1,0,1,1,1,-8.619903,41.147937,-0.014355000000000118,0.004581000000001723,-8.634258,41.152518
1,0,0,1,1,1,-8.609436,41.168826,-0.01888199999999962,-0.010332000000005337,-8.628318,41.158494
0,1,0,1,1,1,-8.607114,41.150259,-0.0057600000000004314,0.006840000000003954,-8.612874,41.157099
0,1,0,1,1,1,-8.585829,41.148801,-0.007614000000000232,0.01710899999999782,-8.593443,41.16591
0,1,0,1,1,1,-8.614089,41.141124,-0.05601599999999962,0.09639900000000523,-8.670105,41.237523
0,0,1,1,1,1,-8.609895,41.151888,0.042462000000000444,0.021203999999997336,-8.567433,41.173092
0,1,0,1,1,1,-8.612649,41.145822,0.007640999999999565,-0.0019350000000031287,-8.605008,41.143887
0,1,0,1,1,1,-8.61255,41.146074,0.024093000000000586,0.023499000000001047,-8.588457,41.169573
0,0,1,1,1,1,-8.61417,41.141781,0.0030959999999993215,0.005165999999995563,-8.611074,41.146947
0,1,0,1,1,1,-8.615448,41.140782,0.0199890000000007,0.005327999999998667,-8.595459,41.14611
0,1,0,1,1,1,-8.611704,41.1462,0.01019699999999979,-0.010691999999998814,-8.601507,41.135508
1,0,0,1,1,1,-8.645481,41.164668,-0.008756999999999238,0.005319000000000074,-8.654238,41.169987
0,0,1,1,1,1,-8.616312,41.147145,-0.02471399999999946,-0.12326399999999893,-8.641026,41.023881
